userName,score,content,at
Nabila Livia,5,sukaa,2026-02-18 10:36:04
Antok Sumawan,5,ya bagus,2026-02-18 10:32:49
Khayyira Ira,5,aku suka banget sama tiktok ini,2026-02-18 10:32:45
Aksay Subang,1,akun gua entah kenapa di Ben padalah gua kaga ngapa ngapain,2026-02-18 10:31:33
kenzo zildane alvaro,1,tolong diperbaiki,2026-02-18 10:30:44
Okta oprandika,5,😁,2026-02-18 10:28:52
Muhammad Grandhika,3,"cukup lumayan sih sama aplikasi ini , hanya saja banyak bug , kadang suka keluar sendiri dari aplikasi . terimakasih",2026-02-18 10:23:05
Albarak Dompu,2,membagi inspirasi dan motivasi,2026-02-18 10:21:51
Salman Man,5,Sya kasi bintang 5 biyar lebih bagus lagi hai bosku kenpa titok ya sering elor terus adh aph dengan titok ya,2026-02-18 10:21:44
Glodak glodak dak,5,sangat bagus apk nya saya dapat uang juga dari tiktok,2026-02-18 10:21:20
Gisan karim,5,mantap,2026-02-18 10:19:58
Sakila Ahzahra,5,senang bgt,2026-02-18 10:19:36
Ruslan L,1,aplikasi jelek,2026-02-18 10:18:45
Nata N,3,bagus tapi akun ku di block...😭😭,2026-02-18 10:17:48
Nazilla Azahra,1,gaseru tiktok sampah saya gabisa join padahal tanggal lahir saya sudah benar,2026-02-18 10:14:50
Agungsuprapto Siap,5,Tiktok ini tidak ngeleg makanya saya download ini,2026-02-18 10:13:09
Supuri Yama,4,"apk nya bagus saya suka, tapi diorang lain mempunyai potongan harga, sedang kan diakun saya ko tidak ada ya, tolong update kan akun saya agar mempunyai potongan harga.....terimakasih",2026-02-18 10:11:07
Izzul,5,good,2026-02-18 10:10:20
Rahmat Prasetyo,5,tolong bug untuk postingan di atur ulang soalnya setiap muat postingan ngestag di 30% terus,2026-02-18 10:10:18
Inaya nayaa,5,o aj sih😹,2026-02-18 10:09:31
Chakim,1,tolong vidio seksual di larang sekarang banyak banget cwk bukak aurat,2026-02-18 10:09:21
An dien,1,nge-lag padahal jaring bagus terus kadang juga suka tiba tiba follow akun orang,2026-02-18 10:09:06
kph mbot,5,asikkkk,2026-02-18 10:06:47
mahesa putra12,1,"suka ngelag buka komentar,ubah privasi atau yg lain lain kocak padahal wifi lancar",2026-02-18 10:05:11
Lailatul Hsn,5,bagus banget apk nyaa,2026-02-18 10:01:40
Sutrisno Sutrisno,3,soalnya ngeleg,2026-02-18 10:01:12
riananair,2,"lag terus sampe muak banget. kalo sekali masih wajar lah ini udh keberapa kali. buat ga nyaman nonton, bentar bentar lag ga enak. jadi ga terlalu pengen buka apknya lagi",2026-02-18 09:58:00
Meuthea Raudhatunisyah,1,jelek,2026-02-18 09:57:08
Virgo Scream,5,masyarakat,2026-02-18 09:55:38
Dikin Dikin,4,bagus,2026-02-18 09:54:00
Sonia RahayU,5,bagusss sekaliii,2026-02-18 09:53:34
Dedy Hakim,5,knpaa hp saya ngelek saat bukak live tiktok,2026-02-18 09:52:10
Mita aprilia,4,"kenapa akhir akhir ini tiktok ga bisa di buat buka komentar dll, padahal di buat scrol lancar lancar aja",2026-02-18 09:51:21
ziiiziem nyctophile,3,"tolong fitur repostnya di perbaiki min, sya buat akun baru tidak ada fitur repostnya",2026-02-18 09:48:53
Nur Hayati,5,mantap,2026-02-18 09:48:49
Aira,5,"suka,menarik,pokok nya aku suka,tapi akun aku ke blokir ga tau karna apa ,dan aku BENCI ITUU!!!!!",2026-02-18 09:48:02
yarikaa11,1,woi assuuuuuuuu nyapo book blok tiktok ku wes wes ilang Kabeh,2026-02-18 09:47:33
BAMUS FAMILY PASAR SUKARAJA,5,good,2026-02-18 09:46:17
Aulia Jakiyah,5,sangat baguss,2026-02-18 09:45:32
Imas Mila,2,kok gbs posting ulang?,2026-02-18 09:45:11
Lea Sherly,1,aplikasi nya lelet,2026-02-18 09:44:26
Wayan Suardana,3,"mohon maaf ini kenapa saya tidak bisa ngeklaim hadiah dari menjawab pertanyaan dari sebuah lokasi, tolong diperbaiki",2026-02-18 09:44:18
Shafira Rosandra,5,app nya bagus cuma suka diblokir tiba² sama tiktok nya jadi ya gabisa lagi,2026-02-18 09:41:40
Setan Gentayangan,5,apk bagus,2026-02-18 09:41:36
Muh Harun Yahya,5,seru,2026-02-18 09:41:14
apriliamj Aprilia,5,apk nya udah baguss bgttt tp tolong adain firur kembaliin draft plisss butuh bgttt🥲🥲🥲😭😭,2026-02-18 09:41:12
Billy Syaputra,1,ngeleg gajelas,2026-02-18 09:39:37
Aris Aris,5,mudah dipahami,2026-02-18 09:38:25
Irul Kamalasari,1,"tik tok jahat banget masak aku gk bisa nonton,akun aku di blokir selamanya pula😓🙁 udh 4th di blokirr😔😔😔 aku pake tik tok lite juga gabisa padal tik tok seru lohh tapi knp kok punya ku di blokir selama nya.",2026-02-18 09:36:09
Ardo,5,seru,2026-02-18 09:33:34
Sumarni,5,maen,2026-02-18 09:31:39
Dinamarini Laoli,5,aplikasi ini de sangat sangat bagusss,2026-02-18 09:31:12
Bagus Hadi,5,bagus buat denger arac songg,2026-02-18 09:30:57
Jau Hari,5,bagus bngt rekomen sih cocok untuk liat video,2026-02-18 09:30:38
Davi Pasha,2,"tolong dong apknya ios & os nya jangan di apain ini, tiktok ga support device gua minnn, kalo nonton bolak balik fore close, keluar keluar sendiri",2026-02-18 09:30:07
Muhammad Fauzie,5,sangat baguss,2026-02-18 09:29:40
Hasifah Azizah,1,bagus,2026-02-18 09:28:33
Sar noto,5,aplikasi tik tok nya mantap . kita bisa belanja pakai tik tok shop dn bisa cari hiburan di tik tok.,2026-02-18 09:27:00
Selpi Mpi,5,makasi tiktok,2026-02-18 09:26:18
Rizki Fadhilah,5,"apk bagus,",2026-02-18 09:25:52
Qibran Ahmad,5,ini sangat bagus,2026-02-18 09:25:23
Anka Ghozali,3,"gabisa update, beberapa efek ke kunci gabisa ke buka",2026-02-18 09:24:08
Tri Wah,5,"Mantul pokoe,bisa mengepresikan keejaan dan bisnis",2026-02-18 09:23:27
Afi Putri,5,agus,2026-02-18 09:22:38
Andita azzahra,4,karna ndk bisa chat chtan,2026-02-18 09:22:35
JALIL DIALOVA,5,fitur potongan harganya gak muncul,2026-02-18 09:21:28
syahruddin halong,5,saya tidak dapat mengatifkan aktivitas di tiktok tolong supaya bisa membuka aktivitas tiktok,2026-02-18 09:20:28
Juita Siti Zahra,4,gak ada potong harga di HP oppo a19,2026-02-18 09:19:06
Nurmah Lasari,1,"sebenernya seneng banget sm aplikasi tiktok,, tapi udh beberapa hari tiktok gak bisa buka komentar,, tidak ada jaringan internet terus,,, udh di hapus cache, data, uninstall, trus install lagi ttep. ga bsa buka komentar,, tiktok shopnya jg kaga ada,,, itukenapa yaaaaaaa.. klo dh bsa lagi sy kasih bintang 5",2026-02-18 09:17:58
Muhammad Ahmad,5,bagus punya hiburan baru untuk aku,2026-02-18 09:16:07
Apalu,1,jelek,2026-02-18 09:14:30
Ikwan Babang,5,sangat baik,2026-02-18 09:13:32
Uut Cindy,1,sampai sekarang event potong harga 100 perak belum ada di akun ku padahal sudah ganti akun lebih dari 5× dan sudah di update,2026-02-18 09:12:04
Rika erika,4,lumayan bagus si banyak kekurangan nya tiktok,2026-02-18 09:09:20
Raparapa,5,seru lumayan,2026-02-18 09:08:37
Alvin ALVIANSYAH,5,bagus karena aku gak pake imel,2026-02-18 09:04:19
Nursan nurasan9,5,bagus dan cakep trimakasih sudah berikan tiktok aplikasi inii trimakasih banyakk ya 😍,2026-02-18 09:03:58
Rofitul Afifa,5,"knp yhh di aku kdng suka macet"" gitu. itu jaringan atau dri hp nya yh?🫠😤",2026-02-18 09:02:42
Masdan Ardandi,5,"kebanyakan punya tiktok tapi gak di rating ,cihh kalo gak punya tiktok rasanya kayak kesepian",2026-02-18 09:02:10
Laila Maulida,2,"suka keluar sendiri,gimana yah?!",2026-02-18 09:01:53
Sapa bae,1,aplikasi membuat sakit hati,2026-02-18 09:00:42
Andi Lala,5,aplikasi ini sangat seru,2026-02-18 09:00:14
Iranny aprilliani,5,ak suka baca berita di tiktok❤️ dan download lagu2 sech🎉kerenlah,2026-02-18 09:00:01
Cuteanomaly,5,saya mendownload tik tok ini tidak bisa buat chat di Tik tok tolong perbaiki kesalahan ini makasih,2026-02-18 08:59:58
Layen Gladys,2,"tiktok bgs,tp apa² kena pl trs pdhl mh ga ngapa² in",2026-02-18 08:59:20
Nesya Indri Wahid,5,adalah pokoknya,2026-02-18 08:58:15
Khaerul Azzam,1,bagus sih,2026-02-18 08:58:03
Sokran Nda,1,banyak iklan,2026-02-18 08:57:43
Fery Fresly aman,4,kenapa tiktok sekarang sering forclose sendiri,2026-02-18 08:56:25
Fine Mefa,5,apikk,2026-02-18 08:56:01
Rezi Fahreza,5,well,2026-02-18 08:55:23
Azmi Alghifari,2,kenapa yh aku ga bisa nge download lagi tiktok padahal aku butuh bngt buat belanja,2026-02-18 08:55:13
Novi Andini,5,Saya jamin tiktoknya. bikin enak,2026-02-18 08:54:34
Fan Owa,4,asik banget kalo nonton soalnya dapat film gratis tanpa internet tapi mines nya sering keluar dari aplikasihnya,2026-02-18 08:52:58
Bianyo,1,bug tidak bisa masuk ke aplikasi tolong di perbaiki,2026-02-18 08:52:02
Ulun nuha s,5,lebih bagus lagi fiturnya,2026-02-18 08:51:42
Peri Peri irawan,1,tidak enak akun aku blokir terus,2026-02-18 08:50:57
SLS RTW,5,akun aku sering kebelokir,2026-02-18 08:50:15
Putri Hiyango,1,Ini tolong tik tok di perbaiki saya setiap buka tik tok sering kembali sendiri kadang tik tok sya jg gbisa di buka,2026-02-18 08:50:01
Galih Oce,5,Tanpa basa basi,2026-02-18 08:47:53
Abd Rahim,5,bagus banget cok,2026-02-18 08:46:26
Aan Herdiana,2,ga bisa dibuka aneh,2026-02-18 08:44:49
Boyor Nih,4,lagi scrol tiktok tiba tiba ke apus sendiri apl tik tok nya zzzz,2026-02-18 08:43:50
Tahang Tahang,5,cukup 👍👍👍,2026-02-18 08:43:44
Ibun Triple,5,Aku instal ini karna youtube aku bleng,2026-02-18 08:43:18
asrofi arek boys,5,Terbaik,2026-02-18 08:42:52
Sanahh 234,5,udh bagus bgt sih viturnya tpi bugnya anjir padahal aku pengen lihat live gwsm!,2026-02-18 08:42:40
Coty Siwe,5,Keren,2026-02-18 08:42:24
Moh Faiq Ghafur Pmk,5,Bagus sekali Saya Akan Menggunakan aplikasi ini juga,2026-02-18 08:42:00
welly edy prabowo,5,Aplikasi nya bagus banget,2026-02-18 08:41:35
Annyta Se,4,coba deh bisa semua orang bisa liat video kita,2026-02-18 08:38:38
karin keithara,1,"aneh, padahal jaringan baik' aja tapi lemot, vidionya si bisa di tonton tapi komen . . padahal buka apk lain aman' aja toh, udah 3 hari begini. udah di apus cache, hapus akun tetep aja tuh lemot",2026-02-18 08:38:15
Siti Mahmudah,5,bagus,2026-02-18 08:36:52
Asbi 123,5,karna jelek,2026-02-18 08:36:21
Mega Nurcahyani,5,ok,2026-02-18 08:36:10
Bngrblx,5,𝕨𝕙𝕪 𝕝𝕠𝕒𝕕𝕚𝕟𝕘 𝕝𝕒𝕞𝕒 𝕓𝕒𝕟𝕘𝕖𝕥,2026-02-18 08:36:09
Fhatien Al fatunisa,1,"tiktok taaiii setiap mau liat produk kembali sendiri setiap mau cekout balik lagi GK bisa di buka eroro terus gila lama""tiktok fitur nya kek taiii",2026-02-18 08:35:32
Keyla Az-zahra,4,"lumayan lah ya,tpi suka nge bug tiba'",2026-02-18 08:35:16
Talita Regina,1,knp abis di update ga bisa memposting ulang vd?,2026-02-18 08:34:41
arzel espargaro,5,baguss tapi kenapa tidak ada di layar beranda saya😭😭😭😭😭😭😭😭😭😭😭😭😭😭😭😭😭😭,2026-02-18 08:34:23
ARI YULIANTO,5,apk nya sangat bagus klo bisa diupdate lagi trima kasih,2026-02-18 08:33:45
Muhmmd Reza,1,"udh lama download tiktok tapi kenapa lihat komenan gabisa dan yg lainnya juga gabisa, bisa nya cuman scroll video doang aneh, katanya ga ada koneksi internet lah padahal saya punya paketan internet, tolong dong",2026-02-18 08:33:02
Nabila Panu,3,tik tok tidak bisa di instal katanya harus hapus aplikasi yang pas saya sudah hapus tidak bisa lagi.TOLONG DI PERBAIKI LAGI,2026-02-18 08:32:11
Kenan Razka,5,aku sih agak ada kecewa video aku gk fyppp itu aja sih,2026-02-18 08:32:02
valerie gracee,1,tidak suka batasin umur ny.,2026-02-18 08:30:38
Latiffa Lutfiana,3,menarik tapi sedikit ngelag,2026-02-18 08:25:23
Faiz Hamdani,3,ngeleg tapi seru,2026-02-18 08:24:33
Oppo A15,5,apply udah bagus banget,2026-02-18 08:23:58
Fitri Yanti,3,saya sering buka tiktok tapi tidak bisa bikin akun,2026-02-18 08:23:55
Ramdani Aditya,5,Wih skrng jdi bgs fitur tiktok nya sesudah di update jadi mantap betull nih tiktok,2026-02-18 08:23:25
Yose Rizal,4,mantap,2026-02-18 08:21:36
Agus Pp,5,Baguss bang,2026-02-18 08:20:28
Kirani Spt,1,tempat sarang monyet kepencet iklan langsung play store,2026-02-18 08:19:58
Fatma Kasih,1,tidak bisa masuk ke tiktok,2026-02-18 08:19:52
Marko Antonio Ginting,1,"Saya sudah lapor ke CS dan akun saya tetap di blokir tanpa penjelasan yang jelas, saya merasa tidak pernah melanggar peraturan dari tiktok tapi akun saya tetap di blokir, emang aneh ni aplikasi, easy bintang 1",2026-02-18 08:18:58
Dewi Uuy,5,sangat asik,2026-02-18 08:17:26
Kiki Julianto,3,"kadang"" apk nya tiba"" lag sendiri padahal kalo buka apk lain aman aja",2026-02-18 08:14:16
Aqilla Gustari,3,please ini knp udh 100% dah ku tunggu tapi belum ke donwload,2026-02-18 08:13:08
Ha Mida,4,"tapi kenapa punya saya kayak agak lambat untuk fitur "" baru ya gak ke apdute gitu kenapa ya",2026-02-18 08:11:50
Wiwied Adrian S,2,See u,2026-02-18 08:11:30
Andri Desvianto,5,sangat bagus carakerjanya meski bnyk iklan,2026-02-18 08:11:05
Sampit Spt2024,2,sekarang banyak iklan nya tt shop nya sampe berpengaruh ke apk lain,2026-02-18 08:09:27
Noval Ardiansyah,5,mantap semakin ok dintiktok,2026-02-18 08:06:57
bima Putra,1,"Apalah masak mau masuk tik tok keluar sendiri belum juga lihat video nya tiba² keluar sendiri tolong lah perbaiki bug seperti ini, masa mau lihat video tiba² keluar sendiri, sudah ngehabisi memori, keluar sendiri pula, 2 GB lebih loh apknya, perbaiki lah kek mana ini developer nya, terus kalau bisa setiap masuk toktok ini gak usah ada iklan bngst",2026-02-18 08:06:03
Ridho Alamsyah,1,Kenapa di hp vivo y17s tidak ada fitur foto live di tiktok padahal di kamera hp ada fitur foto live😭,2026-02-18 08:01:42
jihan jihan lestari,2,kenapa tidak ada toko dan posting ulang pdhal sudah di update,2026-02-18 08:00:14
eqtada binnabi achmad,1,konslet,2026-02-18 07:59:51
Dewi Ratnasari,1,kenapa tiktok hanya komentar dan pengaturan g bisa dibuka sudah 4 hari ..walaupun hanya scol² itu untuk belanja..tlng diperbaiki biar bisa belanja di tiktok,2026-02-18 07:57:31
Vano Superhero,4,"dear admin, pengen bisa hastag banyak lagi",2026-02-18 07:56:28
RANGGA Saputra,1,"kenapa ya saldo refund barang saya tidak bisa di ambil walau sudah tanggal 18. Mohon lah tiktok itu dana saya bukan dana anda, katanya ada pemeliharaan sistem, bohong mana ada pemeliharaan sistem selama ini.",2026-02-18 07:53:07
Risma Noviani,1,"habis di update malah keluar"" sendiri ga bisa di buka + GAUSA MENGADAKAN EVENT POTONG HARGA KALO POTONGAN NYA SAJA KECIL AND TIDAK MASUK AKAL",2026-02-18 07:46:18
Maida Nafisah mumtazah,5,tiktok bagus tapi gk bisa ngakunin tiktok nya,2026-02-18 07:45:55
Kahar Ruding,5,ok,2026-02-18 07:44:45
Husein Maulana,3,kebanyakan di pencarian vidio negatif,2026-02-18 07:44:31
Erna Wulan,5,seru bangett ada tiktok pokoknya is debes👍🏻,2026-02-18 07:44:07
Syerin Kansil,2,Krn KL mau pke kcpt Kya ad lmp ny jdi hrs hps and download ulg,2026-02-18 07:43:57
Ramli Ramsi,5,mantap,2026-02-18 07:43:05
St masruroh Masruroh,5,aku punya akun yang bernama the king azzzam,2026-02-18 07:42:54
Vivo Y01,5,Bagus,2026-02-18 07:42:39
Elip Lip,3,"bagus,cuma saya ga bisa pesan streak",2026-02-18 07:42:21
Andi Ranrenk,5,ok,2026-02-18 07:41:09
Fikri Ahmad tamamul,5,mantap,2026-02-18 07:38:49
nani setyani,2,aplikasi nya ngecrash mulu tolong min diperbaiki lagi,2026-02-18 07:37:12
Yohana Siringo ringo,1,iklan mu menganggu di aplikasi lain,2026-02-18 07:36:26
Evis Dinalorenza Depriani 28,4,"Aplikasi nya bikin kesal,awal nya digunakan gak ada lelet2 tapi sekarang lelet nya minta ampun!!! padahal udh perbarui apk,gimana sih pihak tiktok😴😴. kalau masalah jringn gpplh ini indk jringn ok2 aja TPI apk nya ttp lelet!!!. semoga cepat diperbaiki...",2026-02-18 07:33:29
Rifki Ulala,3,"min kenapa tiktok shop ku hilang ya padahal umur udah sesuai, followers udah, update juga udah, tolong di tindak lanjuti ya 🙏🏻🙏🏻",2026-02-18 07:32:43
Nazar Usman,5,aplikasi ini sanggat bagus,2026-02-18 07:30:01
nurfatin nabila,1,"sering keluar sendiri gajelas bikin gamood, gatau kenapa habis di update mala makin gajelas apknya.",2026-02-18 07:28:23
Fitri,3,"aplikasi nya bagus, baik, dan nyaman digunakan, tetapi kurang suka sama respon nya, aplikasi ini banyak salah paham nya hanya karna membahas masalalu tentang SD malah terkena pembatasan usia. saya meminta untuk SEGERAH diproses tetapi responya kurang cepat💔",2026-02-18 07:28:10
Opan jacky,5,i love tiktok,2026-02-18 07:24:33
Maria Melisa,1,"Suka lag, keluar aplikasi sendiri, kadang gabisa dibuka sama sekali tolong diperbaiki ya",2026-02-18 07:23:13
faiz ahmadxb,1,"gw gk bisa uninstall ni aplikasi njir, habis di uninstall pasti balik install lagi 😂 gitu terus",2026-02-18 07:21:52
Anisah Safitri,5,min tolong tambahin fitur menonton video& dibayar dongg,2026-02-18 07:20:04
Novita anggreyani,5,aplikasi yang sangat bermanfaat,2026-02-18 07:16:22
kasim algaji,1,gak bisa di pake,2026-02-18 07:16:17
Rifki Prawiranegara,5,mantap,2026-02-18 07:16:15
Tsuroyatul Usroti D,3,"kenapa ya,, setiap mau buka komentar selalu loading, pdhl kan sinyal bagus, soalnya buat main game pun lancar"" aja",2026-02-18 07:15:45
syariat islam pemuda hijrah,5,bagus sekali,2026-02-18 07:12:58
Olive Olive,5,"bagus, tetapi suka sekali keluar keluar sendiri kenapa ya",2026-02-18 07:04:51
Dipta Susanto,5,tiktok ini bagus banget untuk nonton drama pendek/dan juga bisa nonton dll,2026-02-18 06:59:42
Naza Sirait09,5,ini mah apk paling saya suka sekali gak pelu di tnya kalau kekurangan nya apa sama kamu ???? pingin fypppp,2026-02-18 06:58:52
Kaizan Aska,4,woi tiktok kenapa fitur kirim foto punya saya dihilangkan,2026-02-18 06:56:37
Diah Wuri,1,iklan yg mengganggu sekali,2026-02-18 06:52:22
Linddy,1,"kenapa gabisa buka komentar si? ga cuma komentar buka profil tiktok aja gabisa! loading Mulu pdhl wifi gk knp², udh di pakein paket data jga tetep gbsa",2026-02-18 06:51:03
Ayla Ayla,5,bagusssss bngett plcccc,2026-02-18 06:49:26
Dedi Supriyadi,5,aplikasi yang sangat populer di seluruh dunia🥰,2026-02-18 06:48:43
Amrullah Paembonan,5,mantappp,2026-02-18 06:44:37
Garta . M,5,aku suka,2026-02-18 06:39:22
Azi S,4,bagus,2026-02-18 06:38:17
Nando Rahawarin,5,apk ini sangat baguss,2026-02-18 06:37:39
Bakti,5,tiktok nya bagus banget anjir,2026-02-18 06:34:48
Hasniati Spdi,5,makasih bgt tiktok saya makin suka dan seru 😀 semoga sukses selalu semuanya 🤲🏻 dan sehat selalu 😅,2026-02-18 06:32:57
Novita harahap,5,tiktok ini sangat bagus karena ada banyak filem ada filem apa aja tapi aku mohon tiktok jangn bolk akun ku lagi ya,2026-02-18 06:27:44
halo gatau,1,keluar sendiri force close terus anjg,2026-02-18 06:23:53
Suminah Rasito,1,apalah gw buka gak bisa akses internet padahal wifi nayala muncul notif tidak ada akses internet,2026-02-18 06:15:55
Salu Rahayu,3,ini kenapa gak ada fitur toko nya weei,2026-02-18 06:13:08
rahmi,5,ngehibur yg kesepian,2026-02-18 06:11:49
Abdul Azis,5,potong harga,2026-02-18 06:11:03
Mecca Coll12,3,tolong play store tik tok ku kok ga bisa buat posting ulang ya jelek lgi gmna ya..,2026-02-18 06:10:06
Runa Sky,1,apaaan cok lagi di apk lain lagi iklan tiba tiba banget masuk tiktok anjirrr ngeselin kali lah,2026-02-18 06:06:50
Inayah Sayangku,1,terblokir terus akun ku nabule,2026-02-18 06:04:43
Rosiana Prameishela,2,yg aku udh updt taoi ko ga ada fitur shop nya,2026-02-18 05:58:47
Resty maiarif,1,"tolong dong suka bgt keluar sndiri pdhl memo juga masih bnya, udh hps data berkali kali ttp gt aja, hrs didownload ulang baru bisa normal lagi, nanti seminggu lgi, blik ky gt lgi, muak bgt",2026-02-18 05:49:23
iaa Ndrynii,1,gak ada shop buat belanjanya,2026-02-18 05:42:43
Helma Dina,1,"tolong di perbaiki lagi sering banget ngebug pas makai apk ini padahal udh ada dari tahun bowo si raja tik tok, tapi makin ke sini makin parah dari masalah gaada jaringan pdhl udh pakai wifi udah beli kouta juga 100gb masih gabisa di pakai sampai aku uninstall ulang download lagi tetap gabisa kecewa bgt sama tiktok.",2026-02-18 05:34:17
Zakky Syafiq,1,Lo pengikut. Lo sudah 1k Kokok gak bisa live,2026-02-18 05:34:04
Andika Pertama,5,aplikasi yang bagus saya bisa menemukan berita apa saja disini aku kasih bintang lima,2026-02-18 05:26:10
Syafwan AD,5,bagus sekali,2026-02-18 05:24:01
Rehan 789,1,apalah kocak tiktok kon..,2026-02-18 05:23:13
Heru Eki Prasetya,5,Good Application,2026-02-18 05:16:40
Frisky ai,1,nge buflg terus perbaiki lah!MASA ADA PAMET SAMA DATA G BISA BUKA TIKTOK 30 MENIT,2026-02-18 05:12:54
Muh. Sirajul Azman,1,aku posting video aku pake lagu yang aku mau. terus pas lama kelamaan lagunya keganti. maksudnya apa yah? mana lagunya jelek banget lagi kurang ajar,2026-02-18 05:07:46
Cece Cendol,5,sangat cocok 100,2026-02-18 05:03:21
kartikaput 7890,2,"semenjak di-update malah lemot dan tidak muncul pp,tidak tau mungkin hp yg ngeleg atau gimana, padahal sudah di refresh.",2026-02-18 04:25:42
Mhmd Herdiansyah,1,anjirr lah banyak iklan,2026-02-18 04:05:22
Jainuri Hasim,4,ok,2026-02-18 03:41:14
Zahra Nurani Fahrizah,5,bagus,2026-02-18 03:24:59
Muhamad Sutisna,5,bagus tidak menyia menyiakan,2026-02-18 03:13:07
Oppo 543,5,bagud banget bisa lihat Vidio yang bagus bagus,2026-02-18 03:02:35
Kaisa Azzahra,5,bagus banget,2026-02-18 02:59:01
Aman Ridz,5,mantap,2026-02-18 02:56:06
Yeki Keiya,5,terbaik,2026-02-18 02:52:41
kang cumi,4,banyak iklan,2026-02-18 02:45:21
Khoirul Nazriel,5,dpt uang dr nonton dracin di tiktok,2026-02-18 02:45:19
Added Turmudzi,5,mantap semoga saya bisa melihat info lengkap tentang istri yang baik dan benar dapat digunakan sebagai bahan hiburan 👍👍👍,2026-02-18 02:42:01
alief Prayuda,1,"tiktok skrg baperan, dikit2 pelanggaran, padahal aplikasi ini sdh bagus, tapi jgn terlalu banyak pelanggaran",2026-02-18 02:37:43
Slamet Haryono,5,belanja lebih mudah di tik-tok sambil scroll video pendek,2026-02-18 02:37:05
Ridobae Ridobae,5,bagus,2026-02-18 02:25:40
ardinata hariwibawa,5,minimal 0 pengikut udh bisa live lah,2026-02-18 02:24:01
chelsyieeoktaviaaputrii,1,tiktok nampilkan video seram-seram dimalam hari dan saya takut. rating 1 buat tiktok,2026-02-18 02:16:40
Dilapye Troyard,3,lumayan,2026-02-18 02:14:33
Lakas Kasat,1,burik kg bisa isi link bio trus komen ilang,2026-02-18 02:11:46
wiratmoko 1986,5,everything is running smoothly after the update,2026-02-18 02:11:45
Wahyunurtriawan11,5,mantap,2026-02-18 02:06:45
Salman Alfarisi,5,bagus sangat menyenangkan,2026-02-18 01:56:57
Pendatang Baru,5,"Di beberapa perangkat hanya bisa mendownload tidak dapat mmenginstall dan selalu gagal mengistall, mohonnbantuannyanagar dapat mengunakan kembali",2026-02-18 01:51:01
Yusuf Syahputra,5,cukup mendukung,2026-02-18 01:50:53
Alya Hany lestari,1,"event 100 p, sumpah bikin orang cape",2026-02-18 01:44:08
bintang arkah,1,JARINGAN FULL BUKA APK LAIN BISA LANCAR JAYA. GILIRAN BUKA TIKTOK GABISA. BENCI TIKTOK BOIKOT TIKTOK,2026-02-18 01:43:17
Daffa Rifki,2,"Mohon Maaf Min, Ini Semenjak Saya Update Tiktok Nya Agak Ngeleg Gitu Kalau Di Gunakan, Tolong Di Perbaiki Lagi Min 🙏🏻",2026-02-18 01:38:25
awan aji,5,bagus,2026-02-18 01:30:18
maula cans,1,"kalo ga di urus aju banding yang kena pelanggaran pembatasan usia ga di urus napa ada program aju bandinh gua tanya?bilangnya 24jam kerja tapi sampe sekarang ga kerja"" lu,kalo misalnya emang ga bisa aju banding ya jangan ada program aju banding kocakk",2026-02-18 01:29:26
A. Zulkarnain Ali,5,ok,2026-02-18 01:27:39
Hadi Maulidilham,5,ok,2026-02-18 01:24:31
Home Garage,1,"ini aplikasi arah suka keluar sendiri,,,padah hp ram besar,,,MENDING DI HAPUS GK USAH DI DOWNLOAD",2026-02-18 01:24:29
kinara Fiorenza,1,"jujur di saya ga ada masalah apa apa sama aplikasi dan fitur fiturnya, semua lancar bagus dan ga ada bug selama saya mendownload tiktok, tapi yang bikin saya malas membuka apk ini tuh makin banyak short drama barat yang terlalu seksual dan vulgar, yang saya heran kenapa sering sekali muncul di beranda saya, saya udah laporkan video tersebut sudah saya pilih opsi tidak tertarik tapi semakin lama semakin banyak dan semakin vulgar lagi video yang muncul, tolong dong di perhatikan kebijakannya",2026-02-18 01:17:10
Nisa anak mama,1,"fitur bagus bagus di aku gaada, giliran yang jelek aja banyak. kek potongan harga (Rp.100) aneh. pilih kasih ih",2026-02-18 01:13:26
KANNN ROEKAN,5,bagus,2026-02-18 01:10:35
Zabrik Bocil epep19,5,kenapa ya pas saya mau posting video kaga bisa di lihat orang lain tolong yak,2026-02-18 01:09:46
Sugandhi Gandhi,4,"kenapa akun saya sering macet dari keluar sendiri, baru-baru ini kenapa akun saya tidak bisa ikut naik Komal dan tidak pernah dapat hadiah dari GB. tolong di perbaiki ya terima kasih",2026-02-18 01:08:32
KOBRA 1233,5,apk tik tok suruh aku kaya,2026-02-18 01:05:02
Putri Yasmin,1,"aneh bgt akun gw yang satu tiba-tiba ilang yg satu tiba' rusak, gmna sih tik tok ini",2026-02-18 01:02:30
Asixs Familly,1,"view dikit, banyak sering kena pelanggaran, itu knp, gak ngapa2in kena pl... aneh, di perbaiki lah...",2026-02-18 01:01:32
Raka,1,"knapa setiap kluar apl mau masuk lgi GK bisa,,tolong di perbaiki",2026-02-18 01:00:18
Dua Putra,5,"aplikasi ini sangat berguna dan membantu,tapi kenapa kok sering ada yg kurang jelas di peraturan"" nya,apa saya yg gagal faham ya,tau ah.pokoknya mantap,terima kasih",2026-02-18 00:59:01
Mapul 5821,5,ga bisa di main,2026-02-18 00:56:23
Shadiq,1,TAMBAHKAN FITUR NYIMPEN FOTO DI CHAT TIKTOK MIN,2026-02-18 00:49:11
Asmuni As,5,boleh boleh gayanya ini,2026-02-18 00:49:06
Kota Langsa,3,bagus,2026-02-18 00:48:28
Oppo Hitam,3,kenapa akun tiktok saya sekarang tidak bisa menggunakan tiktok shop padahal saya tidak pernah melanggar aturan dan alasan nya karena usia padahal usia saya udah lewat dari 18 tahun,2026-02-18 00:44:25
angel lika,5,TOLONG DONG ADAIN PIN CHAT LAGI😭🙏🏻,2026-02-18 00:38:54
Yosua Dipo,5,penghibur yg setia🤩🤩🤩🤩🤩,2026-02-18 00:37:47
Pitrah Botbanget,5,puwenak ngilang i gsbut,2026-02-18 00:35:53
Fitri Ramadhani,2,bagus sih cuman sekarang ada kesalahan gatau kenapa padahal wifinya ga ngelag gabisa nengok komen dan video private,2026-02-18 00:34:01
Dava ramdani Ramdani ar,5,pokonyh mantap,2026-02-18 00:29:36
Susanti Susanti,2,template hilang musik nya juga berkurang punya ku doang apa yang lain juga?,2026-02-18 00:24:00
rizal Umami,5,Sangat bagus dan bermanfaat,2026-02-18 00:17:44
"zut,me",3,"kasih filtur privasi setatus yang bisa memilih 1 akun atau lebih, jgn filtur privasi yang hanya teman yang bisa melihat",2026-02-18 00:17:37
Agus Madiun,5,"ni aplikasi bagus tapi tolong lah kalau nge kompres video jangan terlalu banyak dari yang awalnya hd 2K 60fps jadi 480p 30fps itu udah parah banget buriknya, alhasil jadi gak mood mau bikin konten lagi",2026-02-18 00:14:32
Teguh Perkasa,3,mohon diperbaiki karna sering keluar tiba2 ketika sedang live🙏🙏🙏,2026-02-18 00:14:11
Ulul Faris,5,bagus,2026-02-18 00:05:40
Yus Yos,1,setelah update ko stiap nonton vidio selalu ngelag. dikira jaringan wifi gua gangguan. tpi baca komen dll bisa. vidionya aja ngelag. soalnya bukan skali 2x. stiap lgi scroll dan ada vidio yg kita tonton kadang ngelag !,2026-02-18 00:05:39
Hoiril Sahbilly Siregar,5,baguss buatt hiburan sayaaa biarr engakk bosenn dann buatt galau jugaa bisaaa,2026-02-18 00:00:56
Satria Ramadhan,5,apk sangat bgus tpi knp akunku pay latter nya g bs d buka kemarin masalah ny aq salah ketik dana juga gk balik mu bayar gak bs tolong saya,2026-02-18 00:00:53
siti mariyam,5,ok,2026-02-17 23:58:44
Izam Purnawan,1,"Bisa""nya iklan Judi Online bisa masuk apk tetrend gini masih bisa dirayu iklan slot judi online",2026-02-17 23:58:40
Derilia,5,sangat bagus untuk orang berapresiasi dan berkreasi dengan fitur fitur yang sangat membantu dan bisa menghasilkan uang jutaan rupiah. semogah ke depan nya lebih baik lagi dan bisa jadi no satu aplikasi penghasilan uang.,2026-02-17 23:56:11
Mas Den,5,mudah digunakan,2026-02-17 23:52:03
Ridwan Ihwan,1,"tiktok 2026 makin gak jelas, jualan nampilkan barang masih aja kena pl,dan pnonton jdi sepi klo sdah kna pl",2026-02-17 23:50:08
Catur Kurniawan,5,bagussss,2026-02-17 23:49:32
MLWEW,1,aplikasi isinya 99% iklan,2026-02-17 23:45:25
Cocol doang,5,bagus,2026-02-17 23:41:44
Sunar Sunar,3,sering kena batas usia gk bisa di buat DM tolong dong tiktok,2026-02-17 23:41:28
Muhammad Fajar,1,"makin lama makin engga jelas akun udh masuk terus keluar lgiii hadeuh lama""gua beli nih tiktok",2026-02-17 23:41:27
FIFRIAN SYAH EDY,5,luar biasa,2026-02-17 23:40:21
Maulana Ilham,1,"jadi ga bisa Download apk nya sebelum nya bisa,tapi ini tiba' gabisa",2026-02-17 23:39:12
Alenta Nda,1,sedih bgt gabisa kirim pesan dan nerima pesan karna batasan usia padahal gasengaja nyebut umur yang cuman bercanda aja tadinya,2026-02-17 23:35:41
Tiara Qilaa,5,aplikasi nya sdh bagus tpi makin lama makin lelet di pakai,2026-02-17 23:32:57
Mega Truck,1,aplikasi nya mohon diperbaiki lagi banyak bug kadang macet ngecrash parah sangat berat,2026-02-17 23:32:57
Rofik Gunawirawan,5,mantep 👍👍,2026-02-17 23:31:04
Meky Akse,5,sangat untung,2026-02-17 23:29:11
FaraQueen,5,Good app. Bisa dapatkan penghasilan dari aplikasi ini.,2026-02-17 23:28:55
andi ganzz,5,minn kok tiktok shop aku gada koin potongan harga,2026-02-17 23:28:27
Maryahh 123,5,sangat bagus,2026-02-17 23:25:10
Andayani Affandi,5,nice,2026-02-17 23:22:59
Noval Maulana,1,"saya kasih bintang satu karena akun saya tiba-tiba kena ban permanen, padahal saya tidak melakukan apa-apa",2026-02-17 23:22:57
marwah suryadi,5,"ya, ok, bagus",2026-02-17 23:13:50
Hengki Wanda,5,okeee,2026-02-17 23:13:20
Eren Nazilla,2,"belanja di tiktok shop lama banget pengirimannya, kurir di chat sok ngartis, berkali-kali laporan tetap aja lama progresnya, pesanan gak diantar antar, csnya juga jawabannya template, statusnya udah diterima tapi barangnya gak sampai",2026-02-17 23:12:27
yumi,1,kenapa pembagian fiturnya gak adil?!,2026-02-17 23:11:23
Perintis Story,5,kre and mantap,2026-02-17 23:10:36
Agung Santoso,5,aplikasinya bgus,2026-02-17 23:10:27
Rayyan rayyan,5,"sangat menyenangkan bagi saya bisa mengisi waktu luang dengan video bermanfaat dan juga bisa dipakai untuk berbisnis pokonya sangat bagus , good joob🤩👍👍",2026-02-17 23:08:56
aziz Khoirul mustofa,1,"oi, kalo buat apk jangan banyak peraturan nya lah, masa dikit"" kena pelanggaran, padahal gua ga ngomong kasar dan dll, mana streak gw dah banyak, gabisa ngirim pesan, aduhhh payah",2026-02-17 23:05:38
Aiyyub333 Bandaaceh,5,🤗🤗,2026-02-17 23:05:28
Toni Opoy,1,knpa tiktok ga bisa liat tmn sedang live di kontak masuk notifikasi,2026-02-17 23:02:09
weedee 401,1,BARESKRIM MABES POLRI.. TIKTOK SEKARANG KERJASAMA DENGAN SITUS JUDOL !!! MOHON DIPROSES JUDOL DI TIKTOK !!! IKLAN ISINYA JUDOL SEMUA DITIKTOK..,2026-02-17 23:00:13
WANGLING H12H13,5,👍👍👍👍👍👍👍👍👍👍👍👍👍👍👍👍👍👍👍👍👍👍👍👍👍👍👍👍👍👍👍👍👍,2026-02-17 22:58:27
Eka Wahyu,3,gatau akhir akhir ini suka keluar sendiri dari aplikasinya,2026-02-17 22:55:16
Lestari Aza,1,selalu ngelag dan tidak menanggapi,2026-02-17 22:55:03
Muhammad Mirza,5,"Tolong ini kenapa punya gua ga bisa melihat profile orang-orang yang gw follow, ga bisa di pencet profile daftar orang-orang yang gua follow, tolong di apakan dulu itu biar ga apa kali",2026-02-17 22:54:51
Sri,1,sumpah gkk bagus bgtt nih tiktok,2026-02-17 22:49:43
Chenry julian Mangera,5,Tolong developer tiktok nya di perbaiki Jangan ngelag sama jangan sampai hp saya mati tolong di perbaiki ya,2026-02-17 22:47:22
Rafi Wifa,2,"tiba"" akun aku kenak pl padahal gak ngapain ngapain",2026-02-17 22:47:22
Aditya Prayoga,5,min mana potongan harga,2026-02-17 22:45:41
cipto 3711,5,sangata bagus tapi kenapa akunku tidak bisa merubah foto ya malah harus menggunakan kamera sendiri baru bisa?? aku. sudah update tetapi sama saja,2026-02-17 22:45:28
Abdurrorrr yoi,5,bagus,2026-02-17 22:43:03
jafar japot,2,ngelag,2026-02-17 22:40:27
Music n Lyric,1,"tiktok konyol, aturan gak jelas, sekarang malah makin ribet",2026-02-17 22:38:48
Rinda seviyanti,5,bagus dan bisa terhibur,2026-02-17 22:33:54
Muhammad Harun,5,keren mamfaat,2026-02-17 22:33:35
Windisahira12 Sahiraazhar,1,download nya lama,2026-02-17 22:32:42
keylaa,5,bagus,2026-02-17 22:32:28
Azura38 Ibzura,5,dah bagus tapi klok dah ada event mesti pilih kasih gak semua yang punya tiktok bisa contohnya sekarang potongan harga,2026-02-17 22:31:44
Jihan Jihan2345,1,"suka bikin story sendiri, tiba tiba banget semaunya apk nya sumpaa yaa, kadang yang ada di draft di bikin story, bikin malu bgt plss, apk nya kok gini ya??",2026-02-17 22:28:47
Kayim Min29,5,sangat berguna bagi kreator dan yang mempunyai bakat di media sosial,2026-02-17 22:27:15
Rere Sianturi,1,"gk bagus ada lag nya klo buat filter malah nge-stuck atau gk bisa gerak udah diulang ulang, ada suaranya walaupun udah kelar dari tiktok. sangat resah gk sukaa",2026-02-17 22:27:05
Charlotte Yuá,5,apk nya g baik bisa gigit org pake kaki,2026-02-17 22:26:13
Abdull Dudu,1,apk nya jadi sarang judol jadi MLS buat bukak tiktok lagi,2026-02-17 22:25:40
ILHAM ULLAH,5,Merasa terhibur dan saya sangat suka dan puas berita informasi dan mendapatkan wawasan yang lebih besar. cuma akunya live konten tidak terlalu percaya diri hehe🙏😁,2026-02-17 22:25:39
Aisyah Rini,2,"Saya sudah bertahun-tahun menggunakan apk ini dan saya selalu update apabila ada pembaruan apk,tapi kali ini saya semakin bingung karena semakin saya sering update semakin ngebug dan error apk nya, seperti yang saya alami saat ini,saat saya masuk ke apk tak berselang lama beberapa detik otomatis terkeluar dari apk,kalau 1 atau sampe 3 kali masih dalam batas wajar,tapi ini terlalu sering saat saya ingin scroll,post,dan lainnya,tolong diatasi bug nya yah,terimakasih 🙏🙏",2026-02-17 22:23:31
Arsyi Yusuf rahmat,2,"maaf min, toko tiktok shop udah ad tapi gak bisa beli d batasi umur padahal yang biasa beli pesan itu ibuku umurnya 45th, gimana dong min jadi gak bisa beli d tiktok shop, tolong d perbaiki..... trimakasih 🙏",2026-02-17 22:23:01
Imma Mhdhar,5,"aplikasi yang bagus buat nyari referensi apapun itu, good tiktok 😁",2026-02-17 22:21:30
Selena Lena,5,𝘀𝗲𝗿𝘂 𝗸𝗲𝘁𝗶𝗸𝗮 𝗯𝗼𝘀𝗲𝗻,2026-02-17 22:20:38
Dirwan Dirwan,5,bagus,2026-02-17 22:20:10
Adji Prasojo,5,sangat bagus,2026-02-17 22:19:02
Kanti Kanti,5,tolong untuk tiktok bug nya di kurangin☺ tapi apk nya bagus 👍,2026-02-17 22:17:29
Nazria Syaa,5,"tolong tiktok ini kenapa ya kan waktu saya buka aplikasi nya ko gabisa terus aja muncul ""coba lagi"" padahal wifi lancar terus pas udah di bersihin cache masih tetap terus nyoba login di akun yang lain ga bisa,saya juga udah coba uninstall terus download lagi sampe udah tiga kali tapi malah susah login udah bikin akun baru juga tetep susah pas udah bisa login tampilan nya jadi tampilan yang lama terus ga ada tiktok shop nya udah di update juga tetap ga muncul",2026-02-17 22:17:20
Armani Fitri,5,bagus,2026-02-17 22:17:00
Elmo Armagan,5,Sangat bagus,2026-02-17 22:16:56
Pramadyo Hadi,4,tak dpt di buka,2026-02-17 22:14:44
Hp Tolol,1,udah gak kaya dulu,2026-02-17 22:12:44
Marsidi Marsidi,4,ok,2026-02-17 22:12:02
meyilani putri,5,apk bagus,2026-02-17 22:11:20
Asep Satrya,5,ok,2026-02-17 22:10:14
Ary Anto,2,apa apaan bjir mau daftar kirim kode gak ada2,2026-02-17 22:09:43
Tariq Lambert,1,"banyaj orang jadinya standart tikrok, dan tempat perselingkuhan, hapus ini apk",2026-02-17 22:08:57
Maryanto Maryanto,5,puas dan menghibur,2026-02-17 22:08:42
Dewina Inha,1,udah lm oke ini aplikasi tpi akhir² ini selalu bikin jengkel selalu keluar terus apknya jga ngeleg sistem TDK menanggapi,2026-02-17 22:08:17
Julio Aliahkenzo,1,byk anak anak yang gajelas,2026-02-17 22:08:12
Samad 77,4,ok,2026-02-17 22:07:41
tito Prasetyo,5,Sangat Bagus sekali,2026-02-17 22:06:40
Qory Assegaf,1,lelet banget,2026-02-17 22:06:14
Alityaa Khasanah,3,"ini aplikasi saya apresiasi sangat bagus dan berguna banget, namun saya itu user tiktok yang sering copot papang karna kadang ga ke pakai, ketika saya download lagi selalu saja ada bug, misalnya yang saya alami hari ini nyaitu ketika saya download dan mau bikin vidio tiktok, tampilannya itu seperti tiktok lite padahal saya download nya tiktok biasa, dan beberapa alat seperti untuk mengedit vidio di tiktok itu iuga ilang dan bentuk foto di tiktoknya juga kotak tidak seperti biasanya.",2026-02-17 22:06:11
Kamila Billah,4,gak bisa di buka knp ya?,2026-02-17 22:06:02
Hidarman Man,5,memuaskan apl tiktok,2026-02-17 22:05:37
Keyla Setyawan,1,"sebenernya bgs tpi update nya susah, memo penuh trs pdhl udh dibersihin",2026-02-17 22:05:17
Adveria Onecaina,3,aplikasinya bagus banget tapi klo buat akun tuh kayak susah banget gitu jadi kali ini aku kasih Bintan 3 dulu,2026-02-17 22:04:38
Muti'ah hanifatur rohmah,1,"sekarang ada event 100 perak tapi di akun tik tok saya tidak ada eventnya, sedangkan punya orang lain ada event nya dari babak 1 2 dan sekarang pun babak 3, sedangkan di akun saya tidak ada event 100 perak sama sekali dari awal babak 1 babak 2 sampai sekarang pun babak 3 gak muncul di akun saya. wahhhhhh parah gak adil tauuuu gimana si official nya kalau ngadain event tuh harus rataa adil nya 😤😤😤 event potong harga nya tidak muncul di akun saya tik tok shop",2026-02-17 22:02:09
Kacer Hitam,1,"knp tiba tiba tiba aplikasi tiktok sy ayg sudah berjalan eror, dan tiba tiba tidak memenuhi syarat apa mkas nya..tgl lahir yg sya masukan sudah benar namun tiktok Mlah menolak dan Tidka dapat mlihat stori ataupun vdio yg sudah sya upload. ??whay",2026-02-17 22:00:57
Rikzx Indo bola45,5,APLIKASI INI JUGA BISA MEMBUAT KITA BAHAGIA,2026-02-17 22:00:26
Sask Tulen,5,Oke,2026-02-17 21:59:16
z 7,4,我用TikTok，它经常自动退出，因为应用太占资源了。虽然它和Facebook很像，数据也差不多，但TikTok占用资源特别多。请重新优化一下，让它像Facebook那样轻量级。或许可以重新优化，增加一些更完善的功能，因为TikTok经常自动退出，而且运行卡顿，非常烦人。,2026-02-17 21:57:46
yanz bule,5,mantap,2026-02-17 21:52:39
Mutmainna Iin,2,tiba ada notif hrs daftar ulang soal umur tdk sesuai pdhl sya dah umur 35,2026-02-17 21:49:55
PokerFace,1,"min tiktok punya ku error sejak kemarin error nya bisa melihat video tapi tidak bisa membaca komentar. sudah banyak cara dilakukan tetapi tidak berhasil dan kalau mau buka apapun pasti akan loading dan ujung ujungnya t""idak ada internet"". tolong min di benarkan",2026-02-17 21:49:47
Reysha Zha,5,bagus tapi bisa di hek orang ak,2026-02-17 21:49:41
Arieff Khoy,1,tiktok tidak jelas tiba-tiba pesan langsung di hapus padahal belum pernah nge DM orang masa tiba tiba pelanggaran,2026-02-17 21:47:16
Asman Maccateach,5,mantap,2026-02-17 21:47:14
adalahpokonya,5,bagus banget,2026-02-17 21:46:55
Alpa Strike,2,assalamu'alaikum maaf tolong developer tiktok kurangin mb aplikasi nya kasian yg HP nya ram2,2026-02-17 21:46:50
Khalif Alip,5,Baik,2026-02-17 21:44:40
yuansang_id ❷⓿⓿⓿,5,lah tiba-tiba ke uninstall sendiri,2026-02-17 21:43:29
Uncle Harry,1,"halah.. komentar gua biasa aja, tapi di hapus mulu. yang laen komen yang sama juga gak tapi di hapus🤣🤣",2026-02-17 21:41:57
Fortz FortzXZ,5,bagus👍,2026-02-17 21:41:09
Juanda putra,2,"KENAPA AKUN TIKTOK SAYA GABISA NGECHAT TEMAN SAYA, GABISA GIFT, KALAU SAYA CHAT ORANG YANG NGE LIVE, GA MUNCUL PESAN SAYA. PADAHAL UDAH UMUR 18 TAHUN, UDAH FOTO KTP TETAP GABISA",2026-02-17 21:41:08
Chalishakinanti,5,Sangat bagus,2026-02-17 21:39:59
Raja salman,5,luar biasa menguntungkan dan bisa membatu kehidupan untuk merubah ke hidupan,2026-02-17 21:38:26
Sumedi Asbiantoro,5,vidio nya bagus dan fyp tapi aku pengen fyp tapi gak bisa 😭,2026-02-17 21:38:07
Susi Susanti,5,tiko ini bagus dan bikin penasaran,2026-02-17 21:35:45
Eliza Eliza,5,aku suka menggunakan TikTok,2026-02-17 21:35:03
assyfa Aura,5,seru bgttt pokoknya,2026-02-17 21:34:39
Juwita 04,1,"tolong di perbaiki , kenapa selalu kluar sendiri",2026-02-17 21:32:49
Herlina Saputri,1,sakit hati tau kalo tiba tiba akun ilang,2026-02-17 21:32:33
nia punyaaalip,5,"bagus, tapi suka bug keluar keluar sendiri dari aplikasi, terus juga kalau di buka ga muncul vido cuma logo tiktok nya doang",2026-02-17 21:32:07
OhMyBryzz,1,"tolong lah tiktok, kenapa fitur sosial seperti buka komentar setiap video yg lewat di fyp, chat orang, liat history tontonan, like, favorite, repost, dll itu loading terus, tapi pas nonton video yg fyp malah lancar gitu, selain yg nonton video doang malah ngelag banget gitu, padahal sinyal lancar lancar aja, saya buka Ig,yt,fb dan platform sosmed lainnya malah lancar, cuma tiktok doang nih yang bermasalah, tolong segera perbaiki bugnya, saya sangat kesal sekali sama tiktok ini",2026-02-17 21:31:48
Canda Canda,5,sangat baguss,2026-02-17 21:30:48
mutiara.yuanita 06,4,tidak ada logo potong harga nya/event 100 perak,2026-02-17 21:30:46
Laras Laras,2,lag,2026-02-17 21:29:17
Siska Siska,5,aplikasi ini membuat saya merasa nyaman,2026-02-17 21:29:01
Supono Pono,5,Sangat bagus,2026-02-17 21:27:08
Eka Putra,4,minta uodate trs,2026-02-17 21:25:14
Dim Dimas,5,Bagus banget ni aplikasi buat ngehiburr,2026-02-17 21:24:52
jayusmanaja,1,"inii kenapaa yaaa tt aku ngebug terusss gabisa bukan komennn,bikin tt padhl wifi lancarrr",2026-02-17 21:22:18
Kristina Sipayung,3,Kok aplikasi nya ga bisa di bukaaa 🙁,2026-02-17 21:22:09
edi,1,sangat mengganggu iklan nya,2026-02-17 21:21:30
Siduhu Zagoto,5,Terimakasih,2026-02-17 21:21:13
Amel Mel,5,tiktok aku suka ngeleg apalagi baru beberapa menit pakai tiba tiba keluar dari tiktok,2026-02-17 21:20:50
Nazal Irzamega,1,jelek karena ada alat kesejahteraan gak bisa di matikan bukanya nambah sejahtera Malah nambah emosi,2026-02-17 21:19:49
Berlian ARZK,5,bagus buat hiburan,2026-02-17 21:16:40
Bima farel,4,apik cuy,2026-02-17 21:15:45
Adi Setia,5,kok bisa ga ada potongan harga nya ya di saya?,2026-02-17 21:14:00
Qirana Nurul,1,iniiii aplikasi bagus banget tapiii di akuu nya kok gak ada postingan ulang yaaa udah ku otak atik jugaa tetep ajaa gak adaaaa☹️💔,2026-02-17 21:12:21
Ridho Akun bisnis,2,maaf ya min aku kasih bintang 2 soalnya akun ku kena spam like,2026-02-17 21:11:46
Fendi,1,tidak bisa di upgrade,2026-02-17 21:11:16
Abdul Basith,5,bagus,2026-02-17 21:10:34
Rudi Yansah,1,wah canggih sekali😆,2026-02-17 21:10:25
ali man,5,sangat bagus dan bisa cari teman yang beda kota,2026-02-17 21:07:28
Apria Putra,5,agak enakan scrol tiktok akun aku gak bisa lihat yang aku posting gimana ini mohon di balas,2026-02-17 21:07:06
Mex Lim,5,terbaik,2026-02-17 21:06:42
Aulia Naura,3,"Kenapa semenjak diperbarui tiktok agak lemot, padahal jaringan bagus, dipakai di semua sosmed bisa dan lancar. Tetapi kenapa di tiktok bertuliskan ""tidak ada internet"" sudah coba uninstall lalu Install tapi tetap sama. Tidak bisa buka komentar selama 2 hari, padahal jaringan bagus, mohon untuk tiktok segera diperbaiki kembali. Terimakasih 🙏🏻",2026-02-17 21:06:19
Fatir,5,Bagus nih buat orang yang nganggur,2026-02-17 21:03:12
Dika Andika,5,saya bantu cek ya kak mengurangi kenyamanannya,2026-02-17 21:02:47
Fauzia Jamilah,3,susah daftar akun,2026-02-17 21:02:06
Yulia Oficial,5,bagus memuaskan CMN buat Pitur terbaru nya GK muncul di aku,2026-02-17 21:01:25
Peles kogoya,1,fitur belum bisa keluar live pengikut banyak tapi live gak muncul ini,2026-02-17 21:01:21
Deka Badai,5,"terlalu mudah untuk jadi afiliator, bermodal 600 fiolower bisa ber keranjang kuning. maka banyak afiliator, kalau semua pengguna yang folowernya diatas 600 bisa jadi afiliator, lalu siapa yang jadi pembeli? semestinya ada kriteria tertentu supaya lebih di seleksi lagi akun mana yang bisa jadi afiliator, misal dengan cara seleksi jawab pertanyaan kuis pertamyaan wawasan dan ilmu pengetahuan umum",2026-02-17 21:01:11
shaiiel 4i,2,"kdg sk bgt ya ngelag pas lg scroll tiktok, pdhl game lain jaringannya bagus, scroll apk lain jg bagus, cuman ni apk doang yg lag, gw pengguna wifi of course yg make bukan cmn gw, saudara gw pke buat scroll tik tok,bgus bagus aja, knpa dah hp gw doang yg tiktoknya lag, tlg kasi solusi y tiktok klau emg prgkat gw aja yg lag,ksi bntang sgni dlu y,kalau ad solusi gw naikkin ratingnya, thank you for giving the best",2026-02-17 21:01:09
Dedek Kustiawan,5,trimaasih,2026-02-17 20:59:12
Jakarta Barat,1,"sumpah kali ini tiktok ngeselin banget, aku lagi bahas masalalu pas masi sd karena aku ngebahas jaman jaman sd sama temanku, langsung kena batasan usia, terus disuruh verifikasi umur pakai ktp, dan aku sudah di verif pakai ktp tapi cuma dikasi 3 kali kesempatan, dan ketiganya gagal semua, akhirnya umurku jadi dibawah umur dan fitur chat dihilangkan, strike tiktok jadi mati dan komen vt hilang, sumpah ga lucu. tolong ai fotonya diperbaiki untuk detek fotonya dan kasi kesempatan foto lagi.",2026-02-17 20:59:10
Ramilah Ntx,1,gk bisa di download,2026-02-17 20:58:15
Arjunawardani Wardani,5,Mohon iklan di hapus,2026-02-17 20:56:28
aqila nurailin,5,semoga bermanfaat,2026-02-17 20:56:08
Dani Ujng,1,"sangat kecewa dengan pihak tiktok,,kenpaa event potong harga saya di hilangkan padahal saya sudah menyelesaikan,,malah ilang begitu saja,,percuma perjuangan saya untuk event tersebut",2026-02-17 20:56:01
Kayla Putri,2,ini tiktok kenapa yaa setiap saya lihat komentar tuh nggak bisa terus ada tulisan ngga ada internet sama ngga bisa liat akun orang dan akun sendiri karena loading Mulu padahal Wifi-nya lancar,2026-02-17 20:55:10
Santi Lestari,4,seru tapi sekarang banyak aturan nya agak kurang gitu,2026-02-17 20:53:04
YouToo Channel,1,di update baru ini kalo LG livestreaming di tiktok kita dari penonton game patah patah sebelum updatean yg baru ini nya normal. tolong segera diperbaiki ya tiktok. nanti kalo sudah normal bintangnya aku tambah terimakasih,2026-02-17 20:52:52
Rivaldi Valdi,4,sangat seru,2026-02-17 20:51:41
kairynn,4,"aplikasinya sih bagus banget. bisa berkenalan dengan semua orang, tetapi aku itu gak suka banget sama bug atau semacam gangguan di tiktok seperti layar video tiktok tiba tiba hitam padahal itu di tempat terang, jumlam pengikut, suka, dan mengikuti tidak akurat, aku sudah coba beberapa cara buat memulihkan tetapi tetap saja hasilnya seperti itu. Mohon segara di perbaiki",2026-02-17 20:46:22
Tasya Ramadhani,1,aplikasi sangat bagus tapi sayangnya saya belanja tidak pernah sampai ke saya,2026-02-17 20:44:34
Indah Merana,5,ok,2026-02-17 20:43:09
Alam Alam,5,apkasli ini bagus,2026-02-17 20:42:18
Amel lia,1,"ajg ajg, susah di download padahal penyimpanan udah di sisain 1gb lebih, malah gabisa ajh lah",2026-02-17 20:41:09
Rifca Icha,3,kenapa harus pembelian aplikasih aneh kata saya mah,2026-02-17 20:41:07
yellow,4,saya suka aplikasi ini tapi kok aku sekarang GK bisa download ulng ya,2026-02-17 20:38:24
super nova,5,"ini tiktok gw kenapa ga bisa buka koment, profil sama favorit dah🗿",2026-02-17 20:37:59
Neysa,2,"kenapa ya tiktok saya ga bisa buka komen, trus tdi saya instal dan download lagi masi sama padahal jaringan saya bagus, saya blum login loh padahal tiba-tiba suda login, aneh banget, burik bngt tiktok, bikin maless, perusak mood bngtt, tolong dongg aduhh. saya scroll jdi nya ga nyaman nihh gmn si gajelas banget, W PENGEN SCROLL KAYA BIASANYA PLIS ANTI LAG LAG, mana klo pake wifi ga bisa buka komentar dan yg lain, sedangkan pake kuota bisa bisa aja hadeh padahal jaringan wifi saya ga bermasalah.",2026-02-17 20:36:15
Marten Mangando,5,💯🇲🇨,2026-02-17 20:33:40
Humaira Ahmad,2,kok nggak bisa di perangkat gue,2026-02-17 20:31:47
I KOMANG BAGUS RAI SUWARJANA,1,jelek,2026-02-17 20:31:38
Dudi Permana,5,mantap buat hiburan,2026-02-17 20:30:32
Muhamad Irwansah,2,kembali sendiri pas live,2026-02-17 20:27:27
MOH KHOLIL,4,bagus,2026-02-17 20:23:21
Darmawan Wawan,4,Lumayan lama tapi bisa di tunggudan tidak terlalu lempy,2026-02-17 20:22:40
Nijah Nasution,5,kadang agak di bikin kecewa,2026-02-17 20:21:01
Mahyudin,5,bagus,2026-02-17 20:20:41
Budak angon Budak,3,ko tiktok sekarang gabisa buka komen DA bukan postingan ulang vidio ko sekarang jadi gini bug atau apa ini,2026-02-17 20:20:29
Cahwedok Cahwedok123,5,bagus,2026-02-17 20:19:09
Ulfa Aljuamaita,1,tolong kembalikan fitur riwayat kunjungan profile nyaaa ya,2026-02-17 20:17:32
ghiska metta alfianti,1,"ini kenapa si tiktok tiba tiba bgt ngelag padahal jaringannya lancar, tolong perbaiki dong.",2026-02-17 20:15:31
Zai Ahmad,5,bagus,2026-02-17 20:11:35
Aisyah Avril Azzarah Azzahra,5,bagus,2026-02-17 20:10:29
Muhamad Faris,1,"gimana ini, tiktok saya eror tidak bisa memunculkan komentar padahal jaringan bagus tapi terdeteksi kalo saya tidak ada jaringan, dan tidak bisa mengirim laporan lewat aplikasi karena jaringan saya tidak terdeteksi padahal jaringan saya lancar dan tidak ilegal",2026-02-17 20:09:46
Zahira Dini,5,"hai min,apk bagus ak suka tambahin fituurr tanggal,tahun min di posting ulangan sama like kaya hari ini,kemaren, Minggu lalu,bulan lalu,paling lama pls min pengin liat"" postingan ulang,like yang duluu bangett kita liatt pastii membantu bangett😭",2026-02-17 20:09:02
Jaka Tingkir,5,mantap,2026-02-17 20:08:23
Asiyah,1,"ngeselin, lama bgt ga muncul fitur potongan harga",2026-02-17 20:07:00
Aisha05 Alina Rahman,5,seru,2026-02-17 20:06:23
Dian Rahma,5,ahhh tiktok ga adil masa temen temen aku ada fitur potong harganya tapi aku g ada,2026-02-17 20:05:19
DARREN DAVI,5,bagus 👍,2026-02-17 20:04:36
Restu Putra Pratama,1,Ko iso,2026-02-17 20:04:21
Edward Adam Taruna,2,"Akun diretas tiba"" ga bisa digunakan. Tidak ada jaringan internet. Keamanan tiktok tidak menjamin. Makin parah. Harus diviralkan bahaya ini.",2026-02-17 20:03:42
Galang Romadhon,5,top 1,2026-02-17 20:02:11
Muhammad Azwar,1,"akun saya di band, padahal ga ngelakuin apa"" nick nya avary",2026-02-17 20:00:15
Umi Kulsum,3,aplikasi nya bagus tapi suka lag padahal memori Ku ruang nya banyak terus baru buka tik tok udah lag bagus cuma lag,2026-02-17 19:56:46
nuraini fauziah,4,kok tiktok saya ga ada toko nya sih,2026-02-17 19:56:13
seputra 321,5,tiktok video shopee ini emang luar biasa dari tiktok yang lain lebih canggih lagi untuk dipakai sendiri,2026-02-17 19:54:38
ar_medchannel,2,knapa di apk saya blom muncul fitur paylater nya ..padahal saya transaksi mulu,2026-02-17 19:52:49
Ronaldo Silalahi,5,aplikasi keren,2026-02-17 19:52:09
Saparuzx,1,Ada bug link produk tak bisa di tambahkan,2026-02-17 19:51:33
MUHAMMAD Fathan,3,banyak bug,2026-02-17 19:50:46
Magnum Max,5,baik,2026-02-17 19:50:12
Nor Hemah,5,oke bro,2026-02-17 19:50:05
Jagoan Kaberangan (Jagoan kaberangan),5,sangat baik,2026-02-17 19:48:37
kayla Jofita,2,tolong fitur tata letak nya ada yang bisa ada yang ga bisa,2026-02-17 19:48:28
Siti Aisah,3,apk nya bagusss bangett tapii sayang nya ini terlalu banyak mb nya,2026-02-17 19:47:37
M Qubais Baba,5,bagus.,2026-02-17 19:45:29
Muchamad Harryono,1,padahal jaringan lancar tapi tetep muter muter buka komentar gabisa gabisa like vidio gabisa postingulang vidio gimana si ini tiktok,2026-02-17 19:44:28
Shandi Maria,5,its real,2026-02-17 19:42:33
Play Boy,5,hemm app nya gk ngelag suka banget dehh,2026-02-17 19:42:01
Vivifira Diana,4,tiktok nya GK bahasa indonesia😐😐😐,2026-02-17 19:41:20
Najid AldrichR,4,baik,2026-02-17 19:40:47
Agnes Agnes Septiani faot,5,aplikasi play store nya terhapus dari hp jadi gimana dong,2026-02-17 19:40:31
Rulboy Pamah,1,"yang baca chat ini,sudah lah lempar koin di room live,sudah banyak kreator keluarga di room live,pasang goodie back ribuan coin hanya untuk memancing penonton lempar coin tapi di saat 1minit akhir semua yang ada di komal mereka saling berbagi gift agar terbaca oleh algoritma tiktok karenah secara acak kontribusi yang ada di room,sepintar""nya tiktok membuat aplikasi tapi mudah di bodohin juga sama pengguna nya,lain lagi goodie back pakai kunci,makanya korun udah jarang dipakai mengundang penonton",2026-02-17 19:39:50
Slamet Harja,5,Bagus,2026-02-17 19:39:17
Nayla Muazzara,5,"Bgss bngtt, tpi ak gasuka klo mau kluar live itu nglek",2026-02-17 19:37:19
Diah Setiorini,5,bagus bgt,2026-02-17 19:37:01
safira Zahra,5,bagusss enakk juga hahahah,2026-02-17 19:36:23
kita dapet,5,ok,2026-02-17 19:33:56
Mbunn,4,bagus,2026-02-17 19:32:39
Nabil Khalif Andico,1,kenapa harus ada pembatas san usia mau ngaplot vidio gak bisa,2026-02-17 19:32:33
Pitri Handayani,5,karena asikkk bangettt,2026-02-17 19:32:09
Syahla Melita,2,banyak orang dong*,2026-02-17 19:30:45
Zando,3,kenapa tiktok saya ga ada tokonya??,2026-02-17 19:30:02
Hilmi,2,makin di update malah makin rusak ni app jadi boros banget baterai sama banyak bug nya,2026-02-17 19:29:51
Khayla Almira M,3,Aplikasi nya bagus 👍👌tapi ada beberapa yg kurang 😐,2026-02-17 19:28:15
Nenek Dika,5,bagus,2026-02-17 19:26:52
Nurma Ayu,3,"tolong kok akun saya ikon shop nnya ga ada ya mau buat beli beli susah tiktokshop nya ga ada sudah berapa kali update ini ga muncul""",2026-02-17 19:26:13
Kartika Damayanti Tarigan,1,gk ada shop nya,2026-02-17 19:25:29
Putri Mawar,5,saya suka sekali dengan tiktok,2026-02-17 19:21:24
Asal jadeh,5,Bagus,2026-02-17 19:20:56
Amirah Nuraini,5,bagusss jadi ga gampang bosen,2026-02-17 19:19:48
stokgurundapzystecu,1,karena akun saya sdh banyak sekali terkena block padahal saya tidak melakukan apa apa sdh 3 akun saya terkena block dan saya tidak tau jga apa yg saya lakukan,2026-02-17 19:19:14
Yoel Marsel,1,isi tiktok full monyet dongo,2026-02-17 19:14:59
K ENZI,5,ini sangat menghibur,2026-02-17 19:14:30
PMDA team,2,"bagus tpi kenapa setiap aku upload viewsnya ngestuck di 0? kalo 200 mah masih mending lah ini 0, udh nunggu berjam jam masih 0, ini gimana sih tiktok",2026-02-17 19:13:09
hana imti,1,sebenarnya aplikasi ini bagus hanya saja tidak ada pengeditan vidio,2026-02-17 19:12:06
Popi Monica,4,"aplikasi sudah bagus, cuma kok punya saya ngebug",2026-02-17 19:10:45
nazla nurarkania,3,knp kalo aku mau foto di tiktok kadang bisa kamera depan kadang engga tolong perbaiki terus knp aku ga bisa foto 4 tolong perbaiki ya😭😭😭,2026-02-17 19:10:43
Sugiarno,1,ngelag mulu anj,2026-02-17 19:10:29
Sarah nur Assyifa,5,velocity nya kedat kedut,2026-02-17 19:09:37
カーンうちは•,4,"Pls ini sangat lag, pls jangan lag saya muak",2026-02-17 19:07:52
Muhammad Aditya,1,"ini kenapa buka komen ngelag, buka postingan ulang ngelag, buka vidio yang disimpan ngelag, buka vidio yang di sukai ngelag bahkan buka kamera juga ngelag padahal srol vidio di beranda aman aman aja gak ngelag sama sekali, ni gimana woy tik tok",2026-02-17 19:04:50
Fajar Maulana,5,sangat bagus,2026-02-17 19:04:32
Rina nurul fitriah,4,it's okay👍,2026-02-17 19:02:43
Amrizal Ali amrizal,5,terima kasih gogil,2026-02-17 19:00:31
Amanda Nafisah,2,tidak ada fitur posting ulang dan pesan langsung,2026-02-17 19:00:06
Aansolgun Solgun,3,tiktok ku ga bisa di update harus update 3 kali,2026-02-17 18:58:42
RyanRabbani,4,"haloo tiktok, kenapa pada fyp tiktokku tidak sesuai dengan apa yang aku inginkan. maksudku bukankah fyp akan otomati mengikuti apa yang sesuai dengan apa yang kita like ataupun cari, dan selalu muncul video random yang tidak matching denganku. bukankah dulu fyp selalu mengikuti apa yang kita sukai? Terimakasih..",2026-02-17 18:58:37
Asri Aulia,4,"aplikasi sering ngebug, suka gak bisa like vt orang, gak bisa baca komen, gak bisa liat pengikut, terus gak bisa liat kotak masuk juga, padahal jaringan, wifi sama datanya udah lancar banget",2026-02-17 18:58:26
agus setiyono,4,apk nya bagus.tapi saya akan memberikan beberapa saran 1.tolong adakan fitur hapus repost secara langsung agar tidak perlu menghapus secara manual 2.tolong jangan biarkan orang asing chat kita sebelum follow kita. segitu saja terimakasih🙏🏻.HARAP DI JAWAB,2026-02-17 18:57:46
Imam Sauki,5,mkasih,2026-02-17 18:57:44
LUKI AHDIASYAH,1,"POKOK NYA BINTANG 1 SEMENJAK UPDATE GABISA BUKA KOMEN, TERUS NOTIF PEMBERITAHUAN GA MUNCUL TERUS SERING KELUAR SENDIRI, SELALU GAGAL DALAM JARINGAN PADAHAL JARINGAN BAGUS",2026-02-17 18:57:40
KND DRAMA,2,"apa ini min tiap posting vidio mentok 60% setelah itu ngak bisa,, tiktok di update tambah parah ngak kayak dulu lagi, ngak bisa posting vidio cepat perlu 5menit itu pun singalnya bagus ngak jelek dimana kalau singalnya ngak ada, ngak bisa unggah vidio",2026-02-17 18:57:22
jeyysa salwa Alexsa,3,"kenapa ya setiap scroll suka tiba tiba video nya ga ke puter padahal jaringan bagus wifi lancar, tapi nonton live lancar kalo video di fyp ga muter, harus di hapus dulu, trs download lagi baru bisa kan cape gitu trs mah, padahal memori ga penuh",2026-02-17 18:56:36
Rhevan,5,aplikasi nya sangat bagus sampai saya nonton sampai tidur,2026-02-17 18:54:10
Berkah Chanel,1,baru update kemaren tanggal 12 sekarang udah update lagi..😇😇,2026-02-17 18:53:49
Fris Ka,1,"belanja di tiktok skarang sangat buruk banyak penjual nakal dengan mengirimkan produk palsu dan kita mengajukan pengembalian di tinjau dan toko slalu menolak ,sekarang banyak penjual nakal yang merugikan pembeli",2026-02-17 18:53:34
Anisa Isra,5,banyak ilmu 🥰,2026-02-17 18:52:21
Dian dina,5,aplikasi smngt bgus,2026-02-17 18:51:54
Dewi asi Wulandari,5,"baikk baguss bgtt, tapi kenapa di akun saya dua² ny gak ada muncul event potong harga yaa🥲pdhl kalau belanja di tiktok selalu bnyk promonya trs gk pernah ketipu sama barang² nya",2026-02-17 18:50:48
Tri Astutik,5,bagus,2026-02-17 18:50:43
Zaenab Zea,1,knp kok apk nya gak bisa yaa ada kesalahan apa di apk nya sampai saya coba 2x donwlod tetep gak bisa tolong di perbaiki apk nya agar semua hp bisa donwlod tiktok,2026-02-17 18:50:27
Ariska Riska,5,ok,2026-02-17 18:49:56
indra Rizky,1,"aplikasi kadang lag brutal, fiturnya oke sih, tapiii minimal kalo mau blokir akun orang kasih tau dulu dong, akun saya udah ada banyak like, follower, ada temen saya lagi, tapi tiba tiba di blokir😌 tanpa pemberitahuan dan alasannya, ni gimana ya cara mengembalikannya?😑 kalo udah bisa balik saya kasih b5",2026-02-17 18:48:19
Muhamad Al hafis,1,woi umur gw 14 tahun gw gak sengaja verifikasi nya 13 tahun plis jangan hapus akun gw tiktok itu cuman kesalahan yang gw alami umur gw 14 akun tiktok ku hafis_strom_Chaser,2026-02-17 18:47:19
Sanah Zz,5,aplikasi nya bagus bangett🤭,2026-02-17 18:44:50
Dimas Gambyok,2,"lu kalo niat pelit bikin event,mending gak usah.",2026-02-17 18:44:31
Keyla Ila,5,bagussss,2026-02-17 18:44:30
Banafsha Nazma,4,tolong updaten logo potong harga yaa karna di akun ku gaada,2026-02-17 18:44:06
Likin Kin,5,bagus oke,2026-02-17 18:42:29
Margiyatno,5,"app ⭐⭐⭐⭐⭐best, live tambah translat langsung ,biar tahu kpn bisa kirim hadiah",2026-02-17 18:41:21
Styven Simbolon,5,aplikasi nya sangat bagus banyak fiturnya,2026-02-17 18:40:56
rendol 96,5,min tolong jangan blokir akun tiktok saya 🙏🏻🙏🏻,2026-02-17 18:40:31
Dera Sakilla,1,"TOLONG DONG BENERIN LAGI BUG NYA, MASAA LAGI BUKA PROFIL TIBA TIBA KELUAR DARI APKNYA TERUS JUGA MAU NAMBAH BARANG DI SHOWCASE KELUAR JUGA DARI APK NYA, INI GIMANA TIKTOK TOLONG DI PERBAIKI",2026-02-17 18:40:04
Beber Pagedangan,4,"bagus bngt ,TPI syngny KLO pertama buka Tik tok tuh login nya lama banget",2026-02-17 18:39:31
Agil,3,"saran buat tiktok tambah / ganti expedisi saya asal pesen paket lewat tiktok shop tidak pernah sampai dikealamat saya,,, / paket nya selalu ke retur,,, padahal alamat saya jelas tapi paket tidak sampai",2026-02-17 18:37:24
Shakira Abi,1,suka keluar sendiri aneh dn bkin kesel,2026-02-17 18:36:45
Balqis Farisa,1,"bapuk ni tiktok, event 100 perak tapi per orang dkit banget, perasaan dulu kaga, benerin dulu dh kata gua mah",2026-02-17 18:35:03
Muhamad sapii Iman sapii,5,assalamualaikum warahmatullahi,2026-02-17 18:34:56
Muh Alif,1,apk nya bagus guanya aja yang jahat,2026-02-17 18:33:35
Zahya Naizar,1,"kenapa saya pas buka notif kayak dm, like kok kosong, padahal kemaren saya masih bisa tu kirim pesan, mbikin streak, sekarang gabisa, kayak ke reset semua, terus liat posting ulang gabisa, katanya kesalahan jaringan, liat folowers juga sama, padahal buat aplikasi lain masi bisa, terus saya mau laporkan masalah, malah kesalahan jaringan juga, tolong dong kenapa ini",2026-02-17 18:32:47
AAD,1,abis update sering nge freeze,2026-02-17 18:32:06
Rarampa Bae,5,"Aplikasi ini sangat bagus,tapi suka ngelag",2026-02-17 18:29:48
S Lak,1,banyak bug,2026-02-17 18:28:56
Beckett Leach,1,"kebanyakan iklan judi, gaje nih tiktok lama lama",2026-02-17 18:28:25
annisa maulida,5,"bBbagus sskali ,😂🥰😍😘👆🏻 bnayk pidiyo lucu juga",2026-02-17 18:28:10
Drally Yati,5,Dengan tiktok selain memperbanyak teman bersilaturahmi lewat medsos. juga bisa buat usaha dan belanja apapun yg disukai cepat aman dan,2026-02-17 18:27:56
Ida Farida,1,sya mau komplain nh ke pihak tiktok sya hrus komplai kmn nh,2026-02-17 18:27:14
Roh Mann,1,apk lelet apa² suruh login tapi begitu login lelet sampek sekarang login aja gak bisa,2026-02-17 18:25:27
M Rochim,5,⭐⭐,2026-02-17 18:24:13
Dwi Aditia,1,"Ada akun yang berisisi ttg konten seksual setiap di blok ada lagi akun yg lain yg serupa, gimana ni ??",2026-02-17 18:22:45
Kirana azalia,1,tiktok nya ngelek terus,2026-02-17 18:21:36
Zein Altar,4,saya ingin mendapatkan uang di tiktok semoga pihak tiktok merekomendasikan saya.aamiin,2026-02-17 18:20:57
anakk baikk,1,"sok² buat ivent 100 perak,, udh ngabisin waktu,, pas misi berhasil ga bisa di co,, bukan 1/2 barang aja udh selesai misi malah ga bisa di co, apk scam.",2026-02-17 18:19:11
Muhammad Biagi Deswantoro,1,"Tiktok saya malah ga muncul notifikasi terbaru. yang muncul malah notifkasi dari tahun2 sebelumnya.. Tolong diperbaiki, komentar dari orang lain juga ga muncul. Sudah di cleae chace sama aja",2026-02-17 18:18:49
ama Geulis,5,sangat berguna,2026-02-17 18:18:39
nindya zidni,1,"di update kok malah gabisa posting ulang si, trus nge lag liat komentar memuat ulang bukannya makin bagus malah makin buruk. ngirim vt pun jd cuma 10 org doang ribet, tolong banget ada in lagi posting ulang+komen tidak memuat+tidak ngelag+ngirim vt banyakin!!!",2026-02-17 18:18:37
wabil Gaminggg,5,tiktok ini mantap,2026-02-17 18:18:18
Sabili Bc,5,bagus sihh tapi adalah pokoknya,2026-02-17 18:16:46
rara tiara,5,Tolong yang event tiktok per undang jangan 100 perak lama banget ngerajainnya,2026-02-17 18:14:25
Masha Saqhila,3,ga bisa posting ulang,2026-02-17 18:13:59
rr`,5,bagus bagus sangat sayang sama tik rok,2026-02-17 18:13:39
vina Inazatun,5,𝒔𝒆𝒓𝒖𝒖𝒖,2026-02-17 18:11:58
Syifa Altafunisa123,5,"plss ini aslinya bagus tapi tiba² kyk bug gitu gbisa liat komen,akun gara² katanya gk ad koneksi pdhl di apk lain lancar bgt pls kasi solusii cepett udh pgn nangis ini aku :(",2026-02-17 18:11:49
matchaww,3,"baguss bangett sih, vt² nya juga lucu², tp kenapa yah? di akun satu ku bisa posting ulang, setelah buat akun kedua ga ada fitur posting ulang (tolong di perbaiki bug ini yaa)",2026-02-17 18:11:20
ARDI Ansyah,1,apk susah masuk,2026-02-17 18:10:24
Xytzer66 Xytzer66,1,bug terus ni apk,2026-02-17 18:09:15
Gagal Sarjana muda,3,nyoba dulu kalau bagus full bintang,2026-02-17 18:08:30
Sofian Ian,5,ini sangat bagus ada vidio offline nya jugaaa sangat mantap,2026-02-17 18:08:05
Nasrudin Syahrul,1,bgus sekalii,2026-02-17 18:05:18
Yusuf Yusuf,5,bagus,2026-02-17 18:04:42
narendra pp,1,"wifi lancar sinyal lancar tapi di aplikasi terdeteksi anda sedang offline, BINTANG 1 AJA",2026-02-17 18:04:06
ida Rania,2,"makin update makin gila poto profil orang orang gak bisa kulihat gak ada Poto nya niat update gak sihh gimana makin gila GK bisa liat poto profil orang dan video yang kita posting ulang gak keliatan kalo kita udah posting ulang di akun kita kalo di akun orang keliatan gak warass.. yang waras kek thats simpleee,😡😡",2026-02-17 18:03:07
Taufan Dolfan,5,mantap,2026-02-17 18:03:07
Hairul Fatoni,2,jangan tungu lama2,2026-02-17 18:00:27
Bs Kalapa,5,"tiktok tuh enak keun lah, cuman keselnya tuh suka keluar tiba tiba, cuma minta tolong di perbaiki😉",2026-02-17 17:58:54
Kurniawan Agus Priyanto,1,akun saya tiba2 ditangguhkan gak ada peringatan dan saya pun tidak melakukan pelanggatan... aneh,2026-02-17 17:55:44
Dera Anggraini,4,punyaku gak ada even potong harga!!!,2026-02-17 17:54:13
Mulyadi,1,selalu keluar sndiri kyk gilak,2026-02-17 17:52:33
Abid AF,3,tolong ini aplikasih berar banget tapi akhirnya terbayar kan juga 😭,2026-02-17 17:52:02
Wardiati,5,berekspresi dan menghasilkan,2026-02-17 17:51:21
Nadia Alesha,4,agak lelet sih tapi lumayan,2026-02-17 17:51:12
Debi Astuti,5,seru pokoknyaaa dehh harus download sii wajibb,2026-02-17 17:49:58
Naila Maylin,5,kerenn banguttttt🥰,2026-02-17 17:49:03
Aris Handoko,5,bagus,2026-02-17 17:48:21
Eri Handayani,4,"Bagus sekali,aku sangat tidak menyesal:)",2026-02-17 17:46:07
ngadino motor,4,bagus sih tapi agak gimana gitu,2026-02-17 17:45:03
amelia meitha,2,parah banget udah 2 hari gabisa baca komentar gimanasi tolonglah diperbaiki,2026-02-17 17:44:38
SM Zaidan,5,Karena bisa chatan kalau gk ada whatsapp,2026-02-17 17:44:12
Toto Daryanto,5,Seru kalo lagi mager,2026-02-17 17:42:28
Erick cihuy,1,aplikasi pemberat memori hp,2026-02-17 17:41:41
disty,1,di akun gw nggk ada event potong harga...dah berapa kali liat akun temen ada huh,2026-02-17 17:40:36
Ponima jepara,5,tiktok memang bagus,2026-02-17 17:40:26
Kasino Adi Kasino adi,1,aplikasi nya bagus tapi saya saranin buat bisa menghapus posting ulang,2026-02-17 17:36:23
Moh Rizqi,1,iklan yg buruk,2026-02-17 17:34:37
Ilham mp,1,ga serus sekarang tiktok potonganya sadis cuman beberapa perak doang dasar pelit,2026-02-17 17:34:14
Dadi arik,5,manntap,2026-02-17 17:29:59
Jhon Dave,5,menyenangkan...,2026-02-17 17:29:49
Raya Zakia,5,"tiktok lite bagus tapi tolong beri ""live"" tapi dari folowers 50 tolong..",2026-02-17 17:28:31
Wayan Srianti,5,aku suka sekali,2026-02-17 17:27:40
Ahmad Al madani,5,mantap sekali followers saya sudah banyak,2026-02-17 17:25:45
Pintor Hutabarat,5,bagus banget,2026-02-17 17:25:11
Fina Agustina,1,"tiktok shop nya tidak muncul, sudah install ulang dan hapus change ttep gak muncul tiktok shop ny, gak ada solusi lain dari cs nya",2026-02-17 17:24:50
Rizal Mahendra,1,akun tiba tiba ditangguhkan,2026-02-17 17:22:17
Tuti Sumyati,1,"knpa gaada tktk shop, trus gbisa msuk dftar, trus loading dari tdi,pdhal internet ada tpi tulisan nya tida ada jaringan internet, gmna yaa ini",2026-02-17 17:22:14
Imawi Babe,5,Sangat bagus aku suka aplikasi ini,2026-02-17 17:21:53
Citra,5,tiktok kamu banyak kenangan dari aku kenal kamu sekarang aku udah gk bisa nge download kamu lagi karena kamu udah gk berfungsi lagi di perangkatku,2026-02-17 17:19:35
Natasya Rusmana,5,adain potongan harga plis di tiktok aku,2026-02-17 17:18:11
Cjdw Tkt,5,muachh makasih tik tok,2026-02-17 17:17:02
kpa uptalkeldpu,5,Ok,2026-02-17 17:15:52
Sinta,5,bagus sekali,2026-02-17 17:15:34
Goodday Susu,5,kerja bagus,2026-02-17 17:15:34
Antonio Riveldi,5,mantap,2026-02-17 17:14:34
Marsya aulia Putri,4,komen nya gabisa di buka loading terus gabisa pake wifi padahal jaringan lancar hrus pake kuata tolong min solusinya,2026-02-17 17:14:31
Putri Aisyah,5,sukaa bgt ni app,2026-02-17 17:13:34
Dzakira Tunisa guntara,4,"bagus,tapi kadang nge bug anying",2026-02-17 17:12:52
Abdi Adam,5,seru,2026-02-17 17:12:23
Kusnandi Kusnandi,5,mengurangi rasa membosankan,2026-02-17 17:11:37
Azkia Cantik,1,"wifi saya normal,knp kagak bisa njir gatau benci aja sama aplikasi ini minta solusi tetep aja gabisa tuh solusinya kaya gabeguna gitu benci",2026-02-17 17:11:31
RENO DONARA,1,where is the comment,2026-02-17 17:10:18
Jacko Seran bria,4,bagus tapi aku baru update terus baru main 1 hari update lagi tolong ini kenapa sih,2026-02-17 17:09:41
Nur Fahmi,5,bagussss,2026-02-17 17:04:48
Ardi Listiono,1,entah kenapa ada bug nya pas di pake nonton vidio (bukan nonton live) pas keluar apk masih ada suaranya jadi gua harus hapus terus download lagi dan yang bikin kaget apk bisa makan hampir 2gb an ram pantes hp gua yang biasanya lancar jadi lemot dan entah kenapa banyak user yang suka ragebait di tambah lagi banyak konten² gk berkualitas bertebaran dimana² jadi kesel sendiri pas buka tiktok tapi ya gimana lagi gk buka tiktok gabut buka tiktok malah kesel sendiri,2026-02-17 17:04:18
Yusep K,2,"bagus sih menghibur, mles nya , koin jdi mahal,trus bnyak potongan² GK jlas . dah lah",2026-02-17 17:03:33
Sukirno Kirno,5,saya sangat senang,2026-02-17 17:03:14
Yogidoy11,5,terhebat,2026-02-17 16:59:15
Akun ML,1,mau nonton drama China aja harus bayar mahal pula tu dasar,2026-02-17 16:59:11
Demmar Syam,5,mantap,2026-02-17 16:58:17
akun ml,1,tolonglaaaa aku gakuat liat fyp nyaa apaa gabisaa diganti sama video yang lucuu lcu kaya kucing masuk parit atau apalah jgn org bucin aja ya plis🙏🙏🙏,2026-02-17 16:56:18
Hasan Islam,5,world of fitness,2026-02-17 16:55:35
Sp Rano,4,"tiktok punya saya tidaka ada potongan harga nya seperti orang' lain,udah di fresh tapi tetep ga muncul",2026-02-17 16:54:18
putriayu,4,sediakan fitur hapus posting ulang yg simple dan bisa kehapus semua dongg,2026-02-17 16:53:00
Ahnaf Pratama,1,min tolong ya kenapa HP ku pas nonton masi ada suara saun dari tik tok ya gk bisa ilang suaranya mohon perbaiki,2026-02-17 16:52:57
Amelia Lia,3,"tiktok ini udah bagus,tapi kadang suka bug,tiba tiba keluar sendiri terus kalo mau login lama banget, tolong perbaiki ya",2026-02-17 16:52:11
Muhammad Azka,5,seru dan menyenangkan,2026-02-17 16:51:04
Wulan Lestari,1,"kok saya buka komentar tik tok tidak ada koneksi internet,padahal internet saya nyala dan lancar kalau buka aplikasi lain,tolong perbaiki",2026-02-17 16:50:20
Modinner Modinner,3,aku kurang suka karna ada orang jahat banyak di situ aku pernah di hujat jdi aku malas sama tiktok,2026-02-17 16:49:43
Gefani Aurelia,5,"baguss banget, untuk nonton hal' yang kreatif",2026-02-17 16:49:29
Revi Revialvarizi,5,tiktok ku kok gak ada tiktok shop nya dan gak bisa posting ulang,2026-02-17 16:47:41
Nadine Zylena Tarigan,1,rate bintang 1 fyp nya gaasik dah gt ke send ke my friend JD GUE MALU ANJAII GA RECOMEND NI APP,2026-02-17 16:45:31
Rahman Sopian,5,tikotok mntaap,2026-02-17 16:45:18
Zidan Cahya Saputra,4,"ini tiktok ku kok ga bisa pencet ""oke"" pas mau ganti pp.mana loading nya lama lagi. tolong perbaiki masalah ku ini. tambahan : video yg ku buat malah ga bisa di hapus atau nge aktifin komentar",2026-02-17 16:45:01
Nafishanur Zihan,5,"jadi males main tt lelet banyak peraturan nya lemot kalo nontonlive gk bisa liat gambar nya , kalo mau ft vd dll dari kamera tt gk bisa gk ada gambar nya . jadi tolong perbaiki lagi",2026-02-17 16:38:18
FAIZUL IZWAN PURWANTO,1,kebanyakan iklan,2026-02-17 16:38:03
rá_mogu,2,"sbnrnya bgus"" aja cmn tiba"" nglag mlu ajg",2026-02-17 16:34:20
Daffa Abadar,5,anjay selebb,2026-02-17 16:34:14
Winda Lestari,5,saya sangat suka dengan aplikasi tiktok,2026-02-17 16:33:45
FRENKY FRENKY,5,aku tidak suka saat menginstal nya lama sekali tetapi tetap saya kasih bintang 5,2026-02-17 16:32:29
Karisma Rahmania,2,"ini aku mau nonton live gabisa jir, kaya nge delay tapi udah di tunggu lama banget tetep aja gabisa muncul gerakan/suara gitu, masuk live nya bisa cuma ya itu ga ada gerakan/suara kaya ngedelay jadinya bikin bt parah.",2026-02-17 16:32:07
Barokah okah Barokah okah,3,aplikasi nya lelet dan sering keluar tanpa sebab coba lah diperbaiki lagi,2026-02-17 16:31:19
vaniyawidia531,3,"post vidio/foto selalu stuck di 30,95 jadi ga ke upload dan harus un instal dulu apk nya!! makin di update jadi banyak yang ga guna.",2026-02-17 16:30:16
Na'im Mubarok,5,mantap,2026-02-17 16:25:47
Nur Aini,2,makin k sni makin gk jls amt sih chat biasa aja smpe gk bsa trkirim tolongg d prbaiki lah gk asyikk bngt chattingan biasa aja smpe ke detaik gk jls gtu trkcuali ada bhs jrok bru tuh pelanggarn🤦‍♀️🤦‍♀️,2026-02-17 16:23:24
Budi Anto,5,Kalau update agak lama app nya kepakek sih tapi suka ngelag gitu,2026-02-17 16:22:26
Fahmifaqihfaris,1,terlalu banyak up date... bikin akun tidak stabil...ku kasih bintang 1,2026-02-17 16:22:11
Mukmin,5,begitu banyak video yg seru dan menarik buat di tonton,2026-02-17 16:20:42
Diki Zulkarnaen,5,"aplikasinya sangat bagus, cocok untuk bikin konten. terimakasih tiktok",2026-02-17 16:18:21
MAV RIZ,5,"jaringan gangguan di tiktok, aku buka aplikasi youtube bagus lancar aja tolong gimana ini",2026-02-17 16:16:22
Naila Afika Rahma,4,"Bgs, tpi nge lag bgt, trs jg ad bug ga bisa liat komen, ngeselin bgt",2026-02-17 16:15:56
Muhamad Ali,5,Mantap,2026-02-17 16:14:29
Aan san jaya,1,kenpa akun saya di blokir salama nya dan ini tidak bagusss aplikasi yang tidak membuat saya puas,2026-02-17 16:13:48
Anisa Barru,5,bisa nonton apa saja,2026-02-17 16:13:32
Cecep Maulana,1,sangat buruk,2026-02-17 16:13:09
Arka Akbatr,5,bagus banget,2026-02-17 16:12:28
Nahdathul Aulia123,5,bangus banget dan apa aja juga ada,2026-02-17 16:10:45
Hasbi Ganteng,1,Leg terus padahal sinyal bagus,2026-02-17 16:07:57
Karan Ranzzjr,5,apk nya bagus karna bisa banyak buat akun,2026-02-17 16:07:49
Gordon Armstrong,2,tik tok ku kok ngbug kok ngleg si padahal jaringan bagus lo? gimana ni tiktok,2026-02-17 16:07:27
Abyasa Prasetyo,1,"kenapa ada batas usia sihhh, lagian gw gk ngapa ngapain cuks",2026-02-17 16:06:07
Aljihad,5,karna banyak orang yang tidak bisa di download secara gratis melalui akun Twitternya ini juga akan saya bahas,2026-02-17 16:06:00
Herman Suherman,5,ok,2026-02-17 16:05:05
Saputra Saputra,4,Bug sering terjadi sperti fitur yang hilang lah dan lain lain sama berat dan ngeleg tapi gw kasih 4 bintang karena udah nemenin Hari hari gw setiap hari walaupun ada konten yang lumayan menjijikan dan melanggar aturan,2026-02-17 16:03:46
dadan darmawan,5,ok,2026-02-17 16:02:06
Modal Dongg,5,bgus sekali😍😍😘,2026-02-17 16:00:40
Seha Rahmawati,5,cuka banget iii,2026-02-17 15:52:48
Akhdan Hiliar,1,"saya direkomendasikan barang barang aneh di tik tok shop, aneh nya saat saya memberi tanggapan ke rekomendasi nya masih muncul terus min... dan setelah saya menginstal dan uninstall aplikasi nya masih muncul aja barang barang aneh itu. gimana ini woi!!!",2026-02-17 15:51:24
Syaf Syaf,5,"setiap hari dan dimanapun aku selalu sroll tiktok di HP ku, kayak menurutku aplikasi utama di HP ku itu tiktok kayak seru aja gitu maininnya",2026-02-17 15:51:19
Meilinda Bratajaya,1,akun saya kena pelanggaran panduan komunikasi,2026-02-17 15:49:34
Tzy Team,5,bagus seng ngomong jelek hamaaa,2026-02-17 15:49:15
Muhammad Wawan,1,mengkeruk,2026-02-17 15:48:38
Melsa Rosmayani,5,bagus bgtt,2026-02-17 15:45:32
Fitri Anggita,3,"apaann bgt ini gabisa dibuat login akun krna jaringannya yang ga stabil padahal wifi lancar"" aja dipake scroll sosmed sebelah juga aman aja kenapa yaa mohon bntuannya udah di uninstall trs download lagi smpk hp aku muat ulang tetep aja",2026-02-17 15:44:49
Rafardhan Arsyilla,5,good,2026-02-17 15:43:36
Sunarti Nia,1,kurang bagus,2026-02-17 15:43:15
Nurgita Tjan,1,"ngeselin banget si bikin mood nonton ilang deh ahhhh, orng lagi nonton tiba¹ masuk tiktok, maksudnya apa ya? tolong di perbaiki ya🤬",2026-02-17 15:43:04
Abdurrahman,4,bagus cuman kadang suka tiba tiba keluar dan gak tau kenapa padahal jaringannya bagus loh tapi ngelek bgt,2026-02-17 15:40:47
kendot gaming,5,ooh la-la-la😍😍,2026-02-17 15:39:55
azka aldricsyam,1,dasar tiktok tolol aku coba Al aja gak bisa maunya apasih tiktok jelek ini,2026-02-17 15:38:08
Sahrim Lubis,5,Sangat bagus,2026-02-17 15:37:57
beril beril,5,mantap,2026-02-17 15:33:02
Sutrisno Tris,1,pas mau buat Velocity terus pas mau di edit malah kelap kelip terus lagunya sama aku nya malah duluan lagunya padahal pas Velocity pas banget eh malah pas di edet kayak gitu kecewa banget,2026-02-17 15:32:28
adam evander,1,kena pembatasan umur terus udah aju banding di acc hari berikutnya kena lagi GK konsisten harusnya klu udah feriv jngn kena pembatasan usia Mulu cape aku banding di acc diban di acc diban gjls,2026-02-17 15:32:12
Wahyudi Yudi,5,keren,2026-02-17 15:31:53
Nesa Fasha,1,"suka greget, abis di banned gegara katanya di bawah umur padahal uda cukup umur.",2026-02-17 15:31:36
Aliya Khusna,1,APLIKASI BERMASALAH BENERIN DULU SANA,2026-02-17 15:28:40
Ijal Aditya,5,okee lahh,2026-02-17 15:28:31
ROMALDUS JAGA ATAWUA (Aldus Atawua),5,ok,2026-02-17 15:28:09
Ujang Ruhimat,2,udah mah mb an nya gede sering bug sama suka gak ada fitur potongan harga udah beberapa kali update juga,2026-02-17 15:20:48
rosa rosmalina,2,"tiktok aku sekarang ngebug parah pls, udh gabisa login, buka komen dll, keteranganya karena gada internet padahal wifi lancar banget. mohon diperbaiki pls..",2026-02-17 15:20:44
Resya Jusan,1,"jelek bgt kdng suka ngebug, saya mau upload foto geser malah video,mana gk ada cara buat dia jadi foto geser",2026-02-17 15:19:39
talita ag,5,bagus,2026-02-17 15:15:17
Dewi azzara,2,menurut aku tiktok makin lama diupdet sering bug leg memakan ruang penyimpanan sebesar 1 GB apalgi ram andro yg kecil dibwh 4,2026-02-17 15:14:52
Siti Apipah,5,tanpa ttk dunia serasa hampa,2026-02-17 15:11:42
Siti Nursuadah,4,kenapa sih akun aku harus di blokir padahal follower nya udah banyak yang like nya udah rebuan kenapa harus di blokkkkkk,2026-02-17 15:07:09
m. rizki,5,sangat asik,2026-02-17 15:02:18
Gisa Ani,4,seru,2026-02-17 15:02:01
SENIADY adi,4,"Loading atau membuka aplikasi terlalu lama.?,",2026-02-17 15:01:07
Putri Alyaa,1,MAKIN GAJELAS AJA NI APK,2026-02-17 15:00:41
Samuel Siagian,4,banyak monyet,2026-02-17 14:55:58
Ais Garuda,5,sejauh ini bermanfaat,2026-02-17 14:55:40
Muhammad Padly,1,"banyak berisi konten"" bodoh yg menyesatkan.",2026-02-17 14:53:39
Fidelisbertrand Miguel,2,kok gk bisa bikin story panjang ya sekarang sekarng cuma bisa 10detik padahal dulu bisa lebih jadi bikin,2026-02-17 14:52:24
ketuamafia_ 23,1,"perbaiki lagi dungs maaf,mulai dari vidio suka brnti brnti terus terus duka balik ke layar terus ...bug atau gmn...terus kalo nonton live suka ada bug juga..perbaiki dong.ini mh ccok buat bntg satu jink😹😹",2026-02-17 14:52:08
Deni Andrianto,1,saya tidak bisa mendownload aplikasi tiktok inii masa dari tadi tidak bisa sihhh gimana laaahhhhh,2026-02-17 14:50:28
fatimah azzahra,5,apk sangat bagusss tapi agak bag,2026-02-17 14:49:09
guntur putra,5,Mantappp ....terbaik...tambah kan lagi filter nya🤣👍🙏,2026-02-17 14:48:52
Syanti Sabaria,5,bintang lima tpi ku bukan ancaman,2026-02-17 14:46:25
Enda maulana Enda,2,karna akun gua di PL gua kasi bintang 2baja kecuali di balikin akun gua baru gua kasi bintang 5,2026-02-17 14:45:28
zhafira zahraa,5,gen z mah ke sini,2026-02-17 14:38:47
Waris yusniar,5,good,2026-02-17 14:38:12
didik hariyanto,3,event potong harga udah 100% kok ga bsa di CO sih ... udah capek share ga bsa di CO,2026-02-17 14:37:40
Rhoby Saprudin,1,APK SAMPAH,2026-02-17 14:37:23
Sal biie,2,gajelas ini gada potongan harga diakun guaaaaa,2026-02-17 14:34:47
andi sopandi,5,aku ketagihan nonton tik tok plis,2026-02-17 14:32:49
Okta Via,5,suka banget sama aplikasi satu inii,2026-02-17 14:30:08
Novi12 Novi,4,suka bgt aku mau jadi konten kreator di follow ya namanya najwardas okey bby,2026-02-17 14:29:38
sugiarto,5,tiktok sangat seru,2026-02-17 14:28:37
Muahammad Alim,5,sngat manrik,2026-02-17 14:28:10
Sahrul Yarfah,5,seruu di tonton,2026-02-17 14:28:09
Imam Wahyudi,4,ok,2026-02-17 14:27:53
Apip Firahmanda,1,"tiktok monyet masa iya nge lag sinyalnya,gabisa buka komen sama segala macem",2026-02-17 14:25:08
Silvia Nica,4,tiktok aplikasi yang selalu ada di setiap henpon itupun mungkin tapi kalau aku bikin akun tuh selalu kena Ben,2026-02-17 14:24:01
Aldi Setiawan,4,aku suka sekali dengan tiktok,2026-02-17 14:23:30
Meitha Rahmayanti,3,"apk nya sekarang ngeleg bgt, padahal jaringan bagus tapi tiap buka tiktok gaada jaringan terus, udah di hapus cache juga masih tetep kaya gitu, buka komenan ga bisa, buka postingan temen juga gabisa, ngeleg parahhh!!!",2026-02-17 14:23:15
Rikyadtama Rikyadtama,1,tidak bisa dipakai lagi,2026-02-17 14:22:51
Angga Pamungkas Edu,2,"tiktok video kenapa tidak compatible LG dg hp saya sebelumnya lancar"" saja mau di-update TDK muncul updatenya mohon admin apk tiktok utk memperbaiki ini",2026-02-17 14:20:34
Tasya Amelia,4,"kenapa di aku nggak ada tulisan potongan harga, padahal udah update+menjalankan perintah agar bisa membuka nya",2026-02-17 14:20:31
Indipriyanto,1,"tiktok stres gw komen biasa aja juga malah kena batasan komen katanya spam, 3 akun gw kena pembatasan anjirlah , jadi kaga bisa komen semuanya",2026-02-17 14:19:47
yessica nazivalia,3,di saya kok gaada fitur potongan harga ya min,2026-02-17 14:19:28
Saindah Indah,5,aku suka banget tiktok karna aku bisa jualan di tiktok vidio- shop daftar jadi affiliate dapet komisi pokok nya keren,2026-02-17 14:18:50
Yan n,2,terlalu banyak iklan judi online,2026-02-17 14:17:01
Hasan Aqil,1,kok GK ada keranjang kuning,2026-02-17 14:16:33
Atang Suryana,5,Bagus banget,2026-02-17 14:16:22
Antoni,5,bagus,2026-02-17 14:15:02
Erni 15,5,"bagus juga aplikasi ini,,,, saya suka,,,,,bisa ber sosialisasi bersama orang,,,,,saya kasih 5 bintang,,, ayo main tiktok,,,👍",2026-02-17 14:13:14
Tangguh Xavi,5,bagi developer tiktok tolong tambahkan fitur seperti yutub seperti melihat video lawas jadi ga usah susah2 scroll dan fitur itu bisa buat liat konten lama dari seorang creator atau video yang kita like/favorit atau posting ulang semoga dibaca dan ditambah fiturnya biar bisa liat video kenang2 ngan,2026-02-17 14:11:21
Nanda Setya,5,Cara cepetin Vidio ditiktok gmn woyyyy,2026-02-17 14:10:53
Nisaa Sabyan,2,ga ada tata letaknya,2026-02-17 14:09:07
Lintiani Tinti,3,Sy bingung ko GK ada livenya tiktok sy,2026-02-17 14:07:37
Sri Handayani,5,saya suka sekali banyak tontonan yang lucu dan menarik dan tidak ada iklan,2026-02-17 14:04:05
Baran Pradipta6,1,karna ngeblokir akun saya,2026-02-17 14:01:26
Konterjawa 2025,5,seru banget,2026-02-17 14:01:16
LupitaRm,5,"udh bagus si tapi knp tiap event potong harga gaada trs di akunku, pdhl persyaratannya juga udh dipenuhi",2026-02-17 13:59:21
Cristabel Sembiring,2,"I hope you don't get too sensitive and if possible, please return my account, my name is lovingfall larna, that account is very important for me and I hope in the future it will be sensitive and there will be no bugs",2026-02-17 13:59:06
roni,1,aplikasi kikir,2026-02-17 13:58:10
wahyu Adi Nugroho,5,"Tiktok keren banget, banyak hal baru serta kesempatan untuk selalu berkembang baik dari segi kreatifitas maupun layanan, bagi yang sudah stay maupun yang baru in, saya rasa sangat mudah untuk penggunaan fitur-fiturnya.",2026-02-17 13:56:25
Adtya Mengkull,2,"kenapa ya tiktok sering mogok pdhl hp nya ga kentank"" amat, trs ada tulisan ""tiktok mogok karena masalahnya sendiri""",2026-02-17 13:54:41
Rakean Dewa,1,BALIKIN AKUN GUAH MIMIN!! PLIS PLIS😭😭😭,2026-02-17 13:54:26
adit nanas,1,ga di kasi potongan harga,2026-02-17 13:53:47
Lia Fatimah,5,bagus,2026-02-17 13:53:09
Der Dor,5,sangat puaa,2026-02-17 13:52:45
khoirunnisa Septiyani,1,pemainnya pada afk,2026-02-17 13:52:05
Herman,5,bagus banget,2026-02-17 13:52:00
Ayundha Awindha Aprilia,1,"honestly aku udah pake tiktok lama bgt, dan ya bagus bagus aja, but ini kok pas aku download ulang akun ku literally chatnya ilang semua? dan tampilannya malah kyk tiktok lite padahal download nya tiktok biasa. dan pas sebelum aku download ulang itu akun ku malah gabisa buka komentar di setiap video manapun dan aku gabisa pindah akun. katanya gara gara masalah internet tapi internet ku aman aman aja dan anggota keluarga ku juga bisa bisa aja tuh internetnya. gimana sih ini tiktok gajelas bgt dh.",2026-02-17 13:49:04
Munawaroh Anggraini,1,Tidak bisa hapus video dengan kerjang kuning,2026-02-17 13:45:23
Cahya Naff,4,hiburan cuan,2026-02-17 13:43:04
kopra Kopra,4,kenapa masuk di tik tok lama sekali,2026-02-17 13:42:05
Nawaf hasby hilmi Hilmi,4,bagus tapi live saya di ilang in kenapa nya,2026-02-17 13:41:54
Andri Krisnar,3,"tolong hilangkan bug saat memakai filter ny ya, layar ny menjadi itam, muka saya juga jdi hitam, itu sngt membuat saya tidak nyaman.",2026-02-17 13:40:45
Febiola KhoirunNisa,1,saat mau download lama,2026-02-17 13:40:40
Rinang Santosa,2,kadang kadang kalau di download lama,2026-02-17 13:40:38
Dian Oktavia,5,pengikut tiktok makin menurun GK kayak pertamanya,2026-02-17 13:40:38
Baskon,5,5 bintang ijin masuk klu bgus,2026-02-17 13:40:05
Yasmine Azzahraa06,5,kuranngin iklannya ya,2026-02-17 13:39:38
chikaaprianti Chika,1,d aku ko gak ada keranjang nya d perbaharui susha,2026-02-17 13:36:39
iffa astila rahma,5,bagus,2026-02-17 13:34:07
Riski Raditia paratama,5,mantap,2026-02-17 13:33:34
FOURTEEN 14,1,"jangan di download, mau buat video aja malah diisukan vidio kita padahal gak ada sama sekali unsur gak cipta",2026-02-17 13:32:41
Siti muslikah Ikha,5,"halo kak, kenapa tiktok shop GK ada ya",2026-02-17 13:31:56
Diki Saputra,4,👍,2026-02-17 13:30:55
Astri Neng,5,Bagus,2026-02-17 13:30:23
Amri Sadewa,1,"percuma main tiktok.. pelanggaran nya tidak jelas ... dikit kena pelanggaran, gak ngpain2 pun kena pelanggaran.. aplikasi eror",2026-02-17 13:29:50
Faeyza Risqi,5,sangat membanty dan terhibur,2026-02-17 13:29:30
Yogi Hero,5,Apk ini penting untuk nonton,2026-02-17 13:28:48
Salsa Putri,5,baus baguss bangett bangett udah makek apk ini dari THN 2019,2026-02-17 13:28:30
Mulida,5,aku senang karena ada tiktok,2026-02-17 13:28:02
Janatun Alipa,1,ndk ada posting ulang nya,2026-02-17 13:27:38
Fann the kidss,1,makin kesini makin sering ngebug sumpah,2026-02-17 13:26:56
Asfa Syabani,3,"teruntuk developer nya tolong dong ini tiktoknya bawa GB banget, pantesan aja hp ku makin lag di pake, ternyata tiktok yg bikin hp ku jdi lag perbaiki lagi pliss🙏💗💗",2026-02-17 13:26:26
Talita Tata,5,ini aplikasi bagus tapi lemot,2026-02-17 13:26:25
John Produce Empat,4,terjadi error pada map lacak paket.. mohon segera di perbaiki,2026-02-17 13:26:21
mutiii,5,Alhamdulillah sudah kembali akun saya.,2026-02-17 13:26:04
Rusyidah 03,1,tiktok pilih kasihhh,2026-02-17 13:25:43
Raziq Wensyahputra,1,tiba tiba ga bisa scroll wifi lancar memori ga penuh ram 8 ga tau napa gj heg ga ada,2026-02-17 13:25:41
Nurul Wilden,5,saya b8sa bertemu atau chatan sama teman tanpa WhatsApp,2026-02-17 13:25:34
Adit Ya,5,adek ku kecanduan tiktok tapi lihat yang aneh aneh 18±,2026-02-17 13:25:03
Army Bos,5,sangat bermanfaat,2026-02-17 13:25:02
Faiza Alya,1,lagi dan lagi gw masuk ke akun lama gue/buat akun baru gw balik lagiiiiiiiiiii jadi gak punya akun.Woyy gimana ini😡😠😠,2026-02-17 13:22:55
Ratih Triwulanndari,5,Kusuka Tiktok 😍😍,2026-02-17 13:22:00
yanto paredes,1,malas dengan pembatasan usia masa sih harus 18+ baru bisa live,2026-02-17 13:21:06
Wiwi supriatin Wiwi,2,ngebug jaringan padahal jaringan cepet malah ngebug jaringan aneh gimana mau laporin masalah orang ngebug jaringan,2026-02-17 13:20:07
Hilton Samosir,2,kenapa akun tiktok saya rusak ga bisa ambil gody bag lagi atau zonk mulu pdhl beberapa hari lalu tidak begitu,2026-02-17 13:18:36
Dea,5,bagus,2026-02-17 13:18:19
Nanas Agustina,5,"kenapa nggk bisa buka komen,, udh dari kemarin komenan nggk bisa dibuka, nggk bisa follow,, nggk bisa buka video kiriman,, chace udh dihapus,udh log out log in, udh download ulang,udh restart hp, tetep nggk bisa juga, tolong......",2026-02-17 13:18:15
Sugg Eng,5,sugeng,2026-02-17 13:16:23
Samani Kucing611,1,coba aplikasi ini ga ber pungsi,2026-02-17 13:11:39
Fhandra Aqzardila,5,suka banget maen nya tapi kadang suka ngelag tapi tetap bagus kok,2026-02-17 13:11:34
Lynxxy 1234,1,"anj bgt, udh berusaha minta bantuan ke org"" buat potong harga malah ga bisa d cakout emg anj",2026-02-17 13:09:44
Rendi Rendi,5,untuk nonton pas,2026-02-17 13:09:31
Sembarang Sembarang,1,kenapa saya tidak diizinkan mengikuti event tiktok Rp 100 perak?,2026-02-17 13:09:27
aura rara,3,candu,2026-02-17 13:07:26
Shahril Ade,2,huhuhhh gimana sih tiktok kan aku mau bikin akun ya di suruh masukin tanggal lahir nah pas udah kok ga bisa padahal dah benar dan saya coba ngasal tapi tetep aja ga bisa 😡,2026-02-17 13:06:34
M Pulungan,2,gak ada bagus2 nya,2026-02-17 13:06:24
Resky,5,tapi bisa liv ya,2026-02-17 13:00:04
Akil 2010,5,belum dapat event potongan harga,2026-02-17 12:59:54
Cristian Karianto,4,"sebenarnya sudah bagus tapi tolong ditambahkan fitur untuk mengedit,seperti kunci kroma&splice,dan jika ada bug tolong dihapus🤞",2026-02-17 12:52:42
M khoiru Solihin,5,hai pengguna tik tok aku suka tik tok,2026-02-17 12:51:31
Lamoanak 95,5,aplikasinya bagus buat hiburan untuk menghilangkan rasa cape.,2026-02-17 12:50:10
Iya Kamu,3,GK bisa liat postingan orang,2026-02-17 12:49:53
Om Hamim,5,BaGus,2026-02-17 12:49:41
Zahra Oktora,3,agak gak suka sama tiktok akun aku udah lebih dari 13 diblokir,2026-02-17 12:48:40
Wahyuni 14,5,"cinta banget gue sama ni aplikasi, semoga yang bikin aplikasi ini masuk surga, i love uu",2026-02-17 12:48:10
Jumria Ria,4,bagus banget,2026-02-17 12:47:58
Barok Treking sentul,4,mantep,2026-02-17 12:47:25
kalila sabrina,1,"Hai, aku kan mw verifikasi umur, nh aku di atas 16 pas aku verifikasi biar bisa chatan, ak udah photo segala macam tapi tetep aja ga bisa, udh nunggu 2mnt ttp ga bisa, aku harus gimana yaa? tolong dong jangan di buat susah...",2026-02-17 12:47:11
Elzahra Channel,4,"aplikasi ini bagus tapiii... kalo aku mau buka tik tok gk bisa cuma ada logo nya vidio nya gak ada dan suka keluar sendiri padahal koneksi berjalan lancar,tolong diperbaiki ya",2026-02-17 12:46:32
Maisie Nadifa,1,"tolong lah bug nya diperbaiki, masa kalo aku balesin komen temenku tuh ternyata komennya ga muncul? padahal di akun sendiri itu ada loh..gajelas ah",2026-02-17 12:45:57
Abdul Mui'z,4,bagus buat nyantai,2026-02-17 12:45:55
Melinda,5,membantu,2026-02-17 12:45:35
OWELL RESEE,1,makin jelek,2026-02-17 12:42:34
Subwaysubr Jokobah,1,"lah kok fitur download videonya jadi 200, kemana download 400 video nya, tolong lah tambahin sampai 1000 video kek tapi untuk sebulan gitu, kemaren udah bagus loh ada, nanti kalau udah muncul lagi 400 videonya baru kasi bintang lima lagi",2026-02-17 12:42:34
Sri Hartati,2,tiktok aku gak bisa di buka gatau kenapa padahal udah ku uninstall trs ku download lagi tapi masih tetep gak bisa,2026-02-17 12:41:51
Fezilla Audina,5,aplikasi nya seru cuman kalo gak ad paket tolong bisa di pakek donnngggg,2026-02-17 12:41:02
Ahmad Beni,5,ok,2026-02-17 12:40:22
Asep Arif,5,tidak ada even diskon tiktok shop nya,2026-02-17 12:39:25
Khanza Ainun,1,"sebel bgt tiktok error terus, tiktok shop & pesan & streak aku ilang semua karna habis di update :c",2026-02-17 12:38:49
mell lalaala,1,"benci,ada batasan usia.",2026-02-17 12:38:28
Nazwa Nasifa,5,bagus anjaii,2026-02-17 12:36:02
Siti Lutpiah,4,"bagus banget tapi kenapa tidak bisa foto tata letak ga fake filter tolong perbaiki, hp yang lain bisa",2026-02-17 12:33:36
Lyla Adit,4,niku akun ku loh diben kale azhar,2026-02-17 12:32:18
Dila Cyntia,5,bagus bangat,2026-02-17 12:31:23
Widia Putri,5,seri,2026-02-17 12:31:14
Arya Ramdhansyah,1,lah kok aku gak ada pet strike nya padahal udah sering update,2026-02-17 12:30:42
Rezky Alfatih,3,"terlalu banyak menguras data internet, walupun aplikasi nya bagus",2026-02-17 12:30:33
Galuh Wilujeng 2311,3,"suka ngebug +ngeleg, terus ga bisa buka komentar tolong di perbaiki lgi uyh",2026-02-17 12:30:01
Rait Safoan,5,top,2026-02-17 12:29:56
Ini Orang,1,woii apk lu suka eror kalo mau di buka,2026-02-17 12:29:06
Vesya Salsa,2,"awal' tt nya bagus, ngga ada kendala, tp kemarin aku baru dpt kendala, kenapa tt ku ngga bisa buka komen, ngga bisa nge like vid yg ada, dll, tp buat ngescroll lancar bgt. tt ku kayak gitu pas aku pake wifi rumah doang, pas pake kuota semua bisa. wifi rumah lancar kok, hp adekku aja bisa buat komen sama like, tp kenapa dihp ku ngga bisa?. aku udh mulai ulang hp ku 2 kali, udh nyopot wifi rumah trus aku pasang lagi, tp tetep aja ngga bisa. tolong dibenerin",2026-02-17 12:27:42
zahra arsyifa21,1,"tiktok nya gabisa buka komen, mau like video aja gabisa apalagi liat akun sendiri, susah jadinya liat video, jadi jelek bgt tolong tiktok jangan ngebug lama lama la, susah gabisa liat apa apa di tiktok.",2026-02-17 12:26:06
Alfu Lailatuljannah,3,aplikasi tiktok ku kok gak bisa di buka?😭,2026-02-17 12:24:16
Wardi Yasa,5,plisss deh ini menarik bangett,2026-02-17 12:20:57
joko dwi atmojo,1,video nya ga muncul muncul udh di restart sama aja,2026-02-17 12:20:53
Elvano Reza,1,hadeh ada lagi aja sekarang gabisa buka komentar karna jaringan padahal di aplikasi lain bisa disini doang gabisa makanya jangan banyak update yang gak penting ngapasi nyusahin org,2026-02-17 12:19:34
Marshapebrian Sopyan,1,"tiktok ihh aku gak ada potongan harga nya😭😭, tiktok pilihhh kasihh orang orangg adaaa aku gak ada bencii😭",2026-02-17 12:18:21
Siti Susanti,1,saya tidak pernah mendaftarkan event apapun dari TikTok,2026-02-17 12:18:04
ARBI ANJAY•βαβI,5,bagus sekali tidak hanya vidio tetapi tik tok ini bisa belanja,2026-02-17 12:16:29
Hasif Kayana,5,bagus!,2026-02-17 12:14:23
Widiawati iwit,1,jelek 🤬👎👎👎👎👎,2026-02-17 12:14:04
Juragan Sol,3,kumaha sih tiktok teh te bisa buka komen nga loading wae padahal make wifi te lemot wifi na kmha sih ku urg engges dihapus trs di download dei kadon siga tiktok lite lain tiktok biasa kmha sih sing benerken hela ih,2026-02-17 12:13:48
Taufan Pradenata,1,"tolong, setelah diupdate fitur tiktokshop kok hilang dan tidak bisa diakses. tolong dipulihkan lagi wahai tiktok. saya selaku user tiktok cukup resah dengan kejadian ini, tolong kembalikan fitur tiktokshop seperti semula agar bisa diakses kembali",2026-02-17 12:10:28
Fahmi aqws,1,kenapa event potong tiba tiba hilang? padahal tadi pagi masih ada progres nya udah 25 persen lho,2026-02-17 12:10:20
ANDRI ANSYAH,5,kenapa ku live tiba tiba aplikasi nya malah restart sendiri 🗿,2026-02-17 12:10:06
Syg Mama,5,Keren banget 🤩,2026-02-17 12:09:27
Menara Paris,5,"tiktok kenapa kamu blok akun saya pliss buka blok nya tiktok saya selalu liat tiktok tapi percuma saya selalu liat tiktok karna kamu blok akun aku aku suka tiktok walaupun tiktok udah blok akun aku, aku tetap kasih bintang 5 itu aja yang aku sampaikan tiktok, i love tiktok",2026-02-17 12:09:08
ASSALAMUALAIKUM,5,bisa menghasilkan uang dari menonton,2026-02-17 12:09:00
Hisma Alipo,5,mantap,2026-02-17 12:06:49
Aufar Arsakha,1,blokir video porno,2026-02-17 12:04:33
third child,4,"ini knp ga bisa discroll di bagian ""saran""",2026-02-17 12:04:15
Septimu'a Fida,5,kak tik tok ku tidak ada tik tok shop ya,2026-02-17 12:03:43
adira sofia,1,"tiktok knp si, stiap saya mau posting video/ foto selalu muncul tulisan foto/video ini tidak tersedia",2026-02-17 12:03:20
Feri Al gofari,5,bagus banget,2026-02-17 12:00:20
Panji,5,bagus saya suka,2026-02-17 12:00:08
FZ FK,1,"halo tiktok sudah berulang saya infokan akun saya gak bisa menemukan promo yang disebutkan, padahal sudah klik tag lokasi.",2026-02-17 11:58:40
Syarifah Rahima,5,"SENGAJA SAYA KASIH RANTING SEGITU BIAR DI BACA,TIK TOK MAKIN KE SINI ISIAN GA JELAS JELAS,BISA BISANNYA VIDEO VULGAR ORANG DEWASA LULUS DI TIK TOK, SUMPAH TOLONG ISI TIK TOK DENGAN ISIAN YG BERMUTU, TOLONG DI BACA, MOHON PERBAIKAN NYA,INI UNTUK WASPADA ANAK""YG TIDAK SENGAJA MELIHAT SEPERTI ITU, TOLONG TIK TOK BLOK VIDEO VIDEO SEPERTI ITU SAYA MOHON KEDEPAN KK LEBIH DI PERHATIKAN LAGI",2026-02-17 11:58:31
Kazey turki 1,1,SUMPAH YA MKST LU APAAN SIH NGADAIN EVENT UDAH NGEMIS SANA SINI BUAT TAP LINK MANA DISPAM PERAK. PAS UDAH 80% MALAH ILANG FITURNYA ASTAGAAAAAA,2026-02-17 11:58:05
Ulfa Ulfa azizah,3,tiktok sangat menyerukan akan tetapi tiktokini bisa di blokir oleh orang,2026-02-17 11:56:26
Elis Asifah,1,tiktok kenapa sih!? masa mau buka tiktok stuck di logo tiktoknya?? tolong perbaiki lahh!?,2026-02-17 11:55:26
SMDDEV 21 (susanto),3,min di tiktok nya gaada toko huat belanja,2026-02-17 11:54:56
Adhiepraboe,1,"kenapa setiap aku bikin akun dan ngepost vidio itu langsung di blokir?,padahal followwer ku udah banyak banget pilih kasih bet",2026-02-17 11:52:51
Fadilla.imbuinga,1,"aplikasi ini sangat menjengkelkan kalau lagi di pencarian dan keluar, pasti video yg di cari pasti masih terputar di latar belakangnya tolong di lebih baikan lagi",2026-02-17 11:52:11
Johanes Panjaitan,1,kenapa muncul iklan tiba2,2026-02-17 11:51:54
Rizky Nurul bahar,5,bagus,2026-02-17 11:50:12
Restu,4,"halo min, kenapa ya tiktok aku gabisa dibuka komentar nya, pas mau liat komen malah ""tidak ada internet"" atau mau buka apa apa selalu loading terus gabisa repost, padahal internet lancar. padahal liat live sama liat vt juga bisa tapi gabisa liat komen. mohon bantuannya yaa",2026-02-17 11:48:24
Siti Khotijah,1,"masuknya lama ,loding terus ,males ah ,harus di perbaiki sekarang ya 🙂‍↕️ kalau ga akan ku demo tiktok ‼️",2026-02-17 11:46:50
Tauhid Tauhid,3,"gatau kenapa suka loading mulu, wifi tetap stabil, udh update, udh bersihin gache dan sekalian juga data, tapi hasil sama aja, ini bug atau server yang masalah, tolong balas dan Terima kasih🙏",2026-02-17 11:44:30
Aidil Telor,5,Vidio nya enak banget,2026-02-17 11:43:56
bila montong,5,sukaa,2026-02-17 11:43:27
Hana Mulya,5,"berikan saya fitur potongan harga, tempat daya tidak sda",2026-02-17 11:42:44
Lhindaa Shukarna,4,kadang suka berat,2026-02-17 11:42:37
KIPAS,5,kemabalilan akun saya yg lama,2026-02-17 11:36:58
Botbot Bort,5,"bagus, bisa juga digunakan sebagai alat komunikasi jauh",2026-02-17 11:33:11
Fann4u-!!,1,"ga bisa buka komen, udah coba instal ulang ttep ga bisa, trus ga bisa login juga",2026-02-17 11:33:07
Gavinputra Ahmad,4,aplikasi ini terlalu ngebug tapi bagus banget,2026-02-17 11:32:20
Safitri Ajha,3,min kenapa di aku nggaa ada fitur potongan harga nya? tolong munculin fitur potongan harga biar sama kayak yang lain,2026-02-17 11:31:47
kamariah ria,5,tiktok baik,2026-02-17 11:31:25
Ipang Permanasaputra,5,mohon petbaiki sistem tiktok ku,2026-02-17 11:31:21
Dea Maulida putri,1,translate Indonesia: ini kenapa ya banyak banget kerusakan nyaa saya mau login ulang tidak bisa karena banyak profil orang lain jadi abu-abu saya berniat menghapus tiktok lalu pas mau login ulang malah ga bisa pake nomor telepon dan email juga tidak bisaaa.,2026-02-17 11:30:43
Phantom pakai H,1,"akun gua disuruh vertifikasi gara2 kena pembatasan usia tapi pas mau vertifikasi ""kamu tidak dapat melakukan vertifikasi"" how?",2026-02-17 11:28:33
Gen Jiehhh,3,kok ada bug nya saat baca komen GK bisa .,2026-02-17 11:27:57
rahmawati wati,3,kenapa apil kasi ga bisa di bukan,2026-02-17 11:25:24
Feni Novitadiyaaa,5,"bagusss bgtt filter baruu nyaa, tapi saya ga bisa update tiktok lagiii",2026-02-17 11:25:00
su san,5,karna bisa skrol tiktok,2026-02-17 11:24:44
Rohani,5,bagus tapi ada yang kurang terhadap foto dan video yang saya upload menjadi buruk. tolong berpaiki lagi dong komunitas tiktok.,2026-02-17 11:23:30
nurul april,1,"layanan nya kurang memuaskan kan masa setiap satu bulan sekali akun tiktok aku ke blok Mulu sih tolong ya lebih di perbaiki soal nya setiap Akau mau memulihkan aku nggak bisa Mulu malah kembali terus ke beranda,maaf ka sama satu lagih kenapa ya aplikasi nya seperti aplikasi TikTok lite Dan nggak bisa memposting ulang jadi saya mengunduh TikTok yang asli namun tombol tombol nya seperti TikTok lite,mohon di jawab yah ka",2026-02-17 11:21:52
Teguh Santoso,5,apk nya sangat bagus untuk menonton video ataupun foto-foto dengan efek yg kreatif dan keren,2026-02-17 11:21:36
Elmy Aldehla,5,download ini cmn mau dpett koian potong harga belanja di tiktok haha🤣🤣,2026-02-17 11:20:53
Saskia Ramadhani,1,"kenapa tiba tiba cuman bisa scroll aja untuk hal lain ga bisa, liat komen ga bisa liat apapun ga bisa, mau laporin masalah tapi ga bisa",2026-02-17 11:18:34
Waluyo Noer,5,bagus,2026-02-17 11:15:16
Feb Anisa,5,aplikasi ny bagus banget tapi ada fitur yang ngga ada dan jika di download ulang ulisannya tipis nggak tebal lagi,2026-02-17 11:15:07
Widy Jaey,5,"sungguhh luar biasa,app ini bsa menghibur aku",2026-02-17 11:14:20
Wafiq aida sakin,4,kadang sukaaa nge bleng,2026-02-17 11:14:00
Kris Mundarsih,5,bagus tapi tiba tiba kena pelanggaran,2026-02-17 11:13:46
Kurokawa Izana,2,posting ulang teman atau orang yang saya follow tidak muncul di beranda,2026-02-17 11:12:58
Achmad Mudaffar,1,nge bug cuk,2026-02-17 11:11:35
mikaa luv,4,oke,2026-02-17 11:10:34
ALFAWWAZY Youtuber,5,"Hai 😁 terima kasih ya developer tik tok karena tik tok sudah menemani saya bertahun tahun dengan saya menyaksikan banyak konten yang bermanfaat maupun yang tidak bermanfaat 🤣 tetapi tidak apa apa ya dan pada hari ini sebelum besok nya bakalan memasuki hari pertama puasa, saya memutuskan untuk pensiun dari aplikasi tik tok dan aku sekali lagi berterima kasih karena sudah menghibur aku di mana dan waktu juga dan aku ingin memperkuatkan iman ku dari sekarang dengan giat beribadah goodbye 🥹🙌",2026-02-17 11:09:02
Muhammad Ilham,2,ini kok tt nya eror minn,2026-02-17 11:08:09
Haru Hana,1,"kenapa sekarang setiap buka tiktok selalu kepental (keluar apk sendiri) masalah ny gk cuma sekali udah di buka malah keluar gitu² aj jd males buka emang gk bisa di buka malah, btw it gk cuma di HP gw aj di HP mak gw juga gitu",2026-02-17 11:07:33
Raihana Qonita,5,karna semua vidio ada di tiktok,2026-02-17 11:07:31
Nayla putrii,5,bang mabar ff,2026-02-17 11:07:05
Noval Arkan,2,"maaf, mengapa tiktok selalu lemot? , padahal jaringan stabil",2026-02-17 11:06:09
Erin Dwiamanda,2,dikarenakan saya akun ya keblokir jadi bingung mau mainan apa,2026-02-17 11:06:09
Yudhis Isback,1,I hate COUNTRYBALLS,2026-02-17 11:06:01
Mursalina Rizani,5,kenapa punya saya gak ada tiktok offline nya jawab dong yang tau,2026-02-17 11:05:56
Rizqii Hikamii,5,bagus bgtt sumpilll 🔥🔥🔥menyala * TIKTOK*,2026-02-17 11:04:48
Verrana,1,jelek banget,2026-02-17 11:02:16
Zulfa Ainunattaqiyyah,1,Saya menginginkan aplikasinya tidak lemot,2026-02-17 11:02:15
jamal yasir,5,mantap,2026-02-17 11:00:43
Sofie Aryanti,1,"Saya terus mendapatkan pesan ""Frekuensi kunjungan terlalu sering"" saat mencoba login. Saya sudah mengikuti instruksi sebelumnya untuk menunggu selama 24 jam tanpa melakukan percobaan login sama sekali, namun masalah ini tetap muncul baik di aplikasi maupun browser. Mohon tinjau akun saya secara manual karena ini tampaknya merupakan kesalahan sistem (bug) pada limit keamanan, bukan karena aktivitas mencurigakan. Saya sangat membutuhkan akses ke akun saya.",2026-02-17 10:59:57
Zaskia Salsabila,1,"ternyata banyak jg komplain mslh gabisa dibuka dll dan yg bikin heran lagi, bnyk yg udh komplain dari lama loh kok masih tetep aja gada yg berubah dan gw udh berhari² nungguin perbaikan nya manaa,gada samsek yg berubahh. GA PERNA SEMUAK INI 〒⁠﹏⁠〒",2026-02-17 10:59:36
fitalis batlayeri,1,sangatttt baik sekali,2026-02-17 10:58:51
Bunga Sekar,5,aplikasi ini sangat bagus sampai ada idola saya muncul dan ada saya juga di tiktok,2026-02-17 10:57:25
Aulia Enty,5,bikin apii,2026-02-17 10:55:25
Marwah Sari,1,jelek,2026-02-17 10:54:54
ucup slepet,1,"tolong tiktok, perbaiki ai nya.. saya live nya bener bener tapi kena restrict teruss padahal saya live nya benerr benerr, tolong ya kalau ga bisa jual aja tiktok nya. TOLONG DI BALES.",2026-02-17 10:52:11
Vannes Wong,1,"lemot, hp jd susah di atur",2026-02-17 10:50:34
lilliieee,2,"kenapa ya tiba tiba ga bisa buka komen, selalu loading kalau gk ya ada tulisan ""coba lagi nanti' padahal jaringan bagus bagus aja, tolong di tanggapi ya min🙏😞",2026-02-17 10:49:58
Marjoko,5,bisa lebih ditingkatkan lagi,2026-02-17 10:49:34
Muhammad Raffi,3,tidak mudah fyp,2026-02-17 10:48:29
Ziva Wenda,1,karna setiap aku membuat akun pasti tidak bisa,2026-02-17 10:47:45
Riska Aja,5,seru bangat cod sma nonton cod pun murah,2026-02-17 10:42:51
Sipedut yp,5,Saya mau coba,2026-02-17 10:41:40
Rendi Hermawan,3,tolong perbaiki lagi bug tidak bisa buka komen,2026-02-17 10:41:11
Sonia Nur avifa,4,kenapa tiktok sekarang fitur shop malah diganti dengan teman ya? apa cuma punya saya doang,2026-02-17 10:40:07
AKMAL 0202,5,mantap,2026-02-17 10:39:05
Salsa Putri,3,"kenapa tidak muncul fitur tiktok shop di beranda, tolong berikan solusi!",2026-02-17 10:37:15
Mahraja Ritonga,5,baik,2026-02-17 10:33:58
Rizkaputri235,4,"bagus, tapi masalah nya jarang fyp dan kalau aku ngerepost atau nge like video lama nanti ada pemberitahuan ""anda mengetuk terlalu cepat, istirahat lah"" buat apa sih ah pemberitahuan itu, gak penting asli",2026-02-17 10:33:45
anak bebek,5,baguss banget tapi bikin ngelag,2026-02-17 10:29:28
Azzira Cantik,5,adalah pokoknya,2026-02-17 10:28:36
Zahro,5,"kak tiktok saya kok selalu telat dapat fitur baru, yang foto live aja masih gk bisa sampe sekarang.",2026-02-17 10:27:24
Bruce Pope,5,"aplikasi sarang monyet, pengguna nya kebanyakan bocah² ga jelas yang IQ nya dibawah rata² dikasih vidio edukasi malah komen ""ga peduli""🤓☝️",2026-02-17 10:26:19
Arull Ramdani,5,bagus,2026-02-17 10:25:47
Kaway Putra,1,udah 3 hari App tdk bisa terbuka pencarian terus berputar putar semntara App lain tdk ada Masalah maupun jaringan.TOLONG setelah pembaruan TIKTOK jdi Eror,2026-02-17 10:24:23
Fanya Maulidaa,2,nggak ada toko nya!,2026-02-17 10:20:42
almira najuanid salwa,3,"nge bug apa gimana, gabisa di update",2026-02-17 10:18:07
Elgawan Pebrita,2,iklan2 mulu asuw emng lah,2026-02-17 10:17:44
wilkedias seran,5,Maaf baru Mau gunakan aplikasi ini,2026-02-17 10:16:18
Muhamad Solahudin,5,mantap,2026-02-17 10:16:01
Vido Siku,1,kok tiktok pilih kasih sihh yg lain pada ada koin potongan harga 100 perak tapi akun saya yang bernama vidoo_4 ga ada tolong la kalo ada fitur gitu harus ad semua gitu,2026-02-17 10:15:10
Kikiaditia23 Kikiaditia23,2,hp ku jadi rusak,2026-02-17 10:14:21
Siska Febiana,5,karena saya lebih mudah untuk berbelanja karena tidak usah lagi men download shopee,2026-02-17 10:14:00
Alvionita,1,"Baru kali ini bintang 1 ke tiktok, soalnya sejak 2 hari lalu, mau buka komen loading terus. padahal gak dibatasi tapi buka komen selalu lama, akhirnya aku scroll terus tapi sangat menggangu karena user experience jadi kurang. gak tau ini cuma di aku atau gimana tapi setelah ku uninstall tetap sama problemnya. so, tolong diperbaiki, nanti aku ganti bintangnya",2026-02-17 10:13:32
Rachmat very Irawan,2,INI KENAPA KERANJANG GUA GABISA DIBUKA PDHL SINYAL AMAN WOI,2026-02-17 10:13:25
Ian (Cumi),2,TIKTOK mah aneh,2026-02-17 10:10:59
Syatifa Awaliya,1,beranda tiktok saya tidak bisa di scroll,2026-02-17 10:10:17
Raudah Ara,5,saya mau kalo baru donlod tik tok gak usah buat akun,2026-02-17 10:10:05
Ya Gaktau,5,tiktok mohon mb nya di kurangi🙏🏻,2026-02-17 10:08:44
Cintyaaja Weh,5,seru,2026-02-17 10:08:25
naya auliya,3,"ini knpsih ga bisa buka komen, gbs buka chat, gbs switch account, gbs buka profile. tp scroll bisa, aneh bgt",2026-02-17 10:07:27
Aliska Keysa,5,saya sangat senang karena dengan adanya tiktok ini saya bisa buat tren terbaruu,2026-02-17 10:07:20
Arum Megalestari,1,"ini kenapa sih? udah 5× download tetep aja gabisa, udah pake paket data tetap gabisa, penyimpanan masih banyak, gimana nih? tolong dong makin lama makin ngawur ngabisin paket data aja",2026-02-17 10:06:16
Azka 123,5,banyak sekali orang masuk dan bagus,2026-02-17 10:05:56
Faisal Abret,5,bagus,2026-02-17 10:05:37
Aura,1,terkadang kalau lagi livestreaming lalu kembali sendiri dan sangat berat apk tiktok nya cepat hp panas dan hp patah patah setelah itu hp nya mati sendiri dan apk nya sangat jelek,2026-02-17 10:05:27
mwmwk lobok,1,tolong tiktok ini saya ngescrol tiktoknya kok ga mau ke scrol,2026-02-17 10:05:20
Miliani Sandra Dewi,5,bagus,2026-02-17 10:04:43
Dewa Komang,1,fitur toko tidak muncul,2026-02-17 10:04:19
anii caa,1,kasih aja itu ptongan harga 70 perak terus gajelas,2026-02-17 10:04:13
Ratna Anjani,5,bagus,2026-02-17 10:04:09
IFAN Fadilah,5,aku gak bisa download,2026-02-17 10:03:46
Tazkia Nafisah,5,suka banget kalo bosen tinggal scrool tiktok dehh😙,2026-02-17 10:02:24
Afifah nabil,1,masa gada fitur 100perak si njis,2026-02-17 10:01:34
bulat segitiga Bulat,5,sangat keren,2026-02-17 09:59:55
RA.SAHNIA AMANDA Apo,5,keren bnget,2026-02-17 09:59:42
Nandien Yucell,5,aplikasi yang baguss and jenius,2026-02-17 09:58:36
hafi,1,"tiba tiba kena pelanggaran yang ga jelas,tiktok gaje gaakan nyentuh tiktok lagi,awas lu",2026-02-17 09:57:30
nazril epep,1,kebanyakan vt tentang judi!,2026-02-17 09:56:51
Grab Hilman,5,bagussssss mantap okkkkkk,2026-02-17 09:56:33
Shofura Zahida,5,videonya kenapa suka lambat gitu ya taoi soundnya normal. jadi gak nyaman nontonnya,2026-02-17 09:56:10
