userName,score,content,at,intent
Nabila Livia,5,sukaa,2026-02-18 10:36:04,Praise & Gratitude
Antok Sumawan,5,ya bagus,2026-02-18 10:32:49,Praise & Gratitude
Khayyira Ira,5,aku suka banget sama tiktok ini,2026-02-18 10:32:45,Praise & Gratitude
Aksay Subang,1,akun gua entah kenapa di Ben padalah gua kaga ngapa ngapain,2026-02-18 10:31:33,Account Issue
kenzo zildane alvaro,1,tolong diperbaiki,2026-02-18 10:30:44,General Request/Complaint
Okta oprandika,5,😁,2026-02-18 10:28:52,Praise & Gratitude
Muhammad Grandhika,3,"cukup lumayan sih sama aplikasi ini , hanya saja banyak bug , kadang suka keluar sendiri dari aplikasi . terimakasih",2026-02-18 10:23:05,Technical Bug/Crash
Salman Man,5,Sya kasi bintang 5 biyar lebih bagus lagi hai bosku kenpa titok ya sering elor terus adh aph dengan titok ya,2026-02-18 10:21:44,Technical Bug/Crash
Glodak glodak dak,5,sangat bagus apk nya saya dapat uang juga dari tiktok,2026-02-18 10:21:20,Monetization/Earning
Gisan karim,5,mantap,2026-02-18 10:19:58,Praise & Gratitude
Sakila Ahzahra,5,senang bgt,2026-02-18 10:19:36,Praise & Gratitude
Ruslan L,1,aplikasi jelek,2026-02-18 10:18:45,General Request/Complaint
Nata N,3,bagus tapi akun ku di block...😭😭,2026-02-18 10:17:48,Account Issue
Nazilla Azahra,1,gaseru tiktok sampah saya gabisa join padahal tanggal lahir saya sudah benar,2026-02-18 10:14:50,Account Issue
Agungsuprapto Siap,5,Tiktok ini tidak ngeleg makanya saya download ini,2026-02-18 10:13:09,Performance Issue
Supuri Yama,4,"apk nya bagus saya suka, tapi diorang lain mempunyai potongan harga, sedang kan diakun saya ko tidak ada ya, tolong update kan akun saya agar mempunyai potongan harga.....terimakasih",2026-02-18 10:11:07,Account Issue
Rahmat Prasetyo,5,tolong bug untuk postingan di atur ulang soalnya setiap muat postingan ngestag di 30% terus,2026-02-18 10:10:18,Technical Bug/Crash
Chakim,1,tolong vidio seksual di larang sekarang banyak banget cwk bukak aurat,2026-02-18 10:09:21,General Request/Complaint
An dien,1,nge-lag padahal jaring bagus terus kadang juga suka tiba tiba follow akun orang,2026-02-18 10:09:06,Account Issue
kph mbot,5,asikkkk,2026-02-18 10:06:47,Praise & Gratitude
mahesa putra12,1,"suka ngelag buka komentar,ubah privasi atau yg lain lain kocak padahal wifi lancar",2026-02-18 10:05:11,Performance Issue
Lailatul Hsn,5,bagus banget apk nyaa,2026-02-18 10:01:40,Praise & Gratitude
Sutrisno Sutrisno,3,soalnya ngeleg,2026-02-18 10:01:12,Performance Issue
riananair,2,"lag terus sampe muak banget. kalo sekali masih wajar lah ini udh keberapa kali. buat ga nyaman nonton, bentar bentar lag ga enak. jadi ga terlalu pengen buka apknya lagi",2026-02-18 09:58:00,Account Issue
Meuthea Raudhatunisyah,1,jelek,2026-02-18 09:57:08,General Request/Complaint
Dikin Dikin,4,bagus,2026-02-18 09:54:00,Praise & Gratitude
Sonia RahayU,5,bagusss sekaliii,2026-02-18 09:53:34,Praise & Gratitude
Mita aprilia,4,"kenapa akhir akhir ini tiktok ga bisa di buat buka komentar dll, padahal di buat scrol lancar lancar aja",2026-02-18 09:51:21,Feature Complaint/Request
ziiiziem nyctophile,3,"tolong fitur repostnya di perbaiki min, sya buat akun baru tidak ada fitur repostnya",2026-02-18 09:48:53,Account Issue
Nur Hayati,5,mantap,2026-02-18 09:48:49,Praise & Gratitude
Aira,5,"suka,menarik,pokok nya aku suka,tapi akun aku ke blokir ga tau karna apa ,dan aku BENCI ITUU!!!!!",2026-02-18 09:48:02,Account Issue
Aulia Jakiyah,5,sangat baguss,2026-02-18 09:45:32,Praise & Gratitude
Lea Sherly,1,aplikasi nya lelet,2026-02-18 09:44:26,Performance Issue
Wayan Suardana,3,"mohon maaf ini kenapa saya tidak bisa ngeklaim hadiah dari menjawab pertanyaan dari sebuah lokasi, tolong diperbaiki",2026-02-18 09:44:18,Monetization/Earning
Shafira Rosandra,5,app nya bagus cuma suka diblokir tiba² sama tiktok nya jadi ya gabisa lagi,2026-02-18 09:41:40,Account Issue
Setan Gentayangan,5,apk bagus,2026-02-18 09:41:36,Praise & Gratitude
Muh Harun Yahya,5,seru,2026-02-18 09:41:14,Praise & Gratitude
apriliamj Aprilia,5,apk nya udah baguss bgttt tp tolong adain firur kembaliin draft plisss butuh bgttt🥲🥲🥲😭😭,2026-02-18 09:41:12,Feature Complaint/Request
Billy Syaputra,1,ngeleg gajelas,2026-02-18 09:39:37,Performance Issue
Irul Kamalasari,1,"tik tok jahat banget masak aku gk bisa nonton,akun aku di blokir selamanya pula😓🙁 udh 4th di blokirr😔😔😔 aku pake tik tok lite juga gabisa padal tik tok seru lohh tapi knp kok punya ku di blokir selama nya.",2026-02-18 09:36:09,Account Issue
Ardo,5,seru,2026-02-18 09:33:34,Praise & Gratitude
Dinamarini Laoli,5,aplikasi ini de sangat sangat bagusss,2026-02-18 09:31:12,Praise & Gratitude
Bagus Hadi,5,bagus buat denger arac songg,2026-02-18 09:30:57,Praise & Gratitude
Jau Hari,5,bagus bngt rekomen sih cocok untuk liat video,2026-02-18 09:30:38,Feature Complaint/Request
Davi Pasha,2,"tolong dong apknya ios & os nya jangan di apain ini, tiktok ga support device gua minnn, kalo nonton bolak balik fore close, keluar keluar sendiri",2026-02-18 09:30:07,Technical Bug/Crash
Muhammad Fauzie,5,sangat baguss,2026-02-18 09:29:40,Praise & Gratitude
Hasifah Azizah,1,bagus,2026-02-18 09:28:33,Praise & Gratitude
Sar noto,5,aplikasi tik tok nya mantap . kita bisa belanja pakai tik tok shop dn bisa cari hiburan di tik tok.,2026-02-18 09:27:00,Feature Complaint/Request
Rizki Fadhilah,5,"apk bagus,",2026-02-18 09:25:52,Praise & Gratitude
Qibran Ahmad,5,ini sangat bagus,2026-02-18 09:25:23,Praise & Gratitude
Anka Ghozali,3,"gabisa update, beberapa efek ke kunci gabisa ke buka",2026-02-18 09:24:08,Feature Complaint/Request
JALIL DIALOVA,5,fitur potongan harganya gak muncul,2026-02-18 09:21:28,Feature Complaint/Request
syahruddin halong,5,saya tidak dapat mengatifkan aktivitas di tiktok tolong supaya bisa membuka aktivitas tiktok,2026-02-18 09:20:28,General Request/Complaint
Nurmah Lasari,1,"sebenernya seneng banget sm aplikasi tiktok,, tapi udh beberapa hari tiktok gak bisa buka komentar,, tidak ada jaringan internet terus,,, udh di hapus cache, data, uninstall, trus install lagi ttep. ga bsa buka komentar,, tiktok shopnya jg kaga ada,,, itukenapa yaaaaaaa.. klo dh bsa lagi sy kasih bintang 5",2026-02-18 09:17:58,Account Issue
Muhammad Ahmad,5,bagus punya hiburan baru untuk aku,2026-02-18 09:16:07,Praise & Gratitude
Apalu,1,jelek,2026-02-18 09:14:30,General Request/Complaint
Uut Cindy,1,sampai sekarang event potong harga 100 perak belum ada di akun ku padahal sudah ganti akun lebih dari 5× dan sudah di update,2026-02-18 09:12:04,Account Issue
Rika erika,4,lumayan bagus si banyak kekurangan nya tiktok,2026-02-18 09:09:20,Praise & Gratitude
Raparapa,5,seru lumayan,2026-02-18 09:08:37,Praise & Gratitude
Alvin ALVIANSYAH,5,bagus karena aku gak pake imel,2026-02-18 09:04:19,Praise & Gratitude
Nursan nurasan9,5,bagus dan cakep trimakasih sudah berikan tiktok aplikasi inii trimakasih banyakk ya 😍,2026-02-18 09:03:58,Praise & Gratitude
Rofitul Afifa,5,"knp yhh di aku kdng suka macet"" gitu. itu jaringan atau dri hp nya yh?🫠😤",2026-02-18 09:02:42,Praise & Gratitude
Laila Maulida,2,"suka keluar sendiri,gimana yah?!",2026-02-18 09:01:53,Technical Bug/Crash
Andi Lala,5,aplikasi ini sangat seru,2026-02-18 09:00:14,Praise & Gratitude
Iranny aprilliani,5,ak suka baca berita di tiktok❤️ dan download lagu2 sech🎉kerenlah,2026-02-18 09:00:01,Performance Issue
Cuteanomaly,5,saya mendownload tik tok ini tidak bisa buat chat di Tik tok tolong perbaiki kesalahan ini makasih,2026-02-18 08:59:58,General Request/Complaint
Khaerul Azzam,1,bagus sih,2026-02-18 08:58:03,Praise & Gratitude
Rezi Fahreza,5,well,2026-02-18 08:55:23,Praise & Gratitude
Azmi Alghifari,2,kenapa yh aku ga bisa nge download lagi tiktok padahal aku butuh bngt buat belanja,2026-02-18 08:55:13,Performance Issue
Fan Owa,4,asik banget kalo nonton soalnya dapat film gratis tanpa internet tapi mines nya sering keluar dari aplikasihnya,2026-02-18 08:52:58,Praise & Gratitude
Bianyo,1,bug tidak bisa masuk ke aplikasi tolong di perbaiki,2026-02-18 08:52:02,Technical Bug/Crash
Ulun nuha s,5,lebih bagus lagi fiturnya,2026-02-18 08:51:42,Performance Issue
Peri Peri irawan,1,tidak enak akun aku blokir terus,2026-02-18 08:50:57,Account Issue
SLS RTW,5,akun aku sering kebelokir,2026-02-18 08:50:15,Account Issue
Putri Hiyango,1,Ini tolong tik tok di perbaiki saya setiap buka tik tok sering kembali sendiri kadang tik tok sya jg gbisa di buka,2026-02-18 08:50:01,Technical Bug/Crash
Abd Rahim,5,bagus banget cok,2026-02-18 08:46:26,Praise & Gratitude
Boyor Nih,4,lagi scrol tiktok tiba tiba ke apus sendiri apl tik tok nya zzzz,2026-02-18 08:43:50,Performance Issue
Sanahh 234,5,udh bagus bgt sih viturnya tpi bugnya anjir padahal aku pengen lihat live gwsm!,2026-02-18 08:42:40,Technical Bug/Crash
Moh Faiq Ghafur Pmk,5,Bagus sekali Saya Akan Menggunakan aplikasi ini juga,2026-02-18 08:42:00,Praise & Gratitude
welly edy prabowo,5,Aplikasi nya bagus banget,2026-02-18 08:41:35,Praise & Gratitude
karin keithara,1,"aneh, padahal jaringan baik' aja tapi lemot, vidionya si bisa di tonton tapi komen . . padahal buka apk lain aman' aja toh, udah 3 hari begini. udah di apus cache, hapus akun tetep aja tuh lemot",2026-02-18 08:38:15,Account Issue
Siti Mahmudah,5,bagus,2026-02-18 08:36:52,Praise & Gratitude
Asbi 123,5,karna jelek,2026-02-18 08:36:21,General Request/Complaint
Fhatien Al fatunisa,1,"tiktok taaiii setiap mau liat produk kembali sendiri setiap mau cekout balik lagi GK bisa di buka eroro terus gila lama""tiktok fitur nya kek taiii",2026-02-18 08:35:32,Technical Bug/Crash
Keyla Az-zahra,4,"lumayan lah ya,tpi suka nge bug tiba'",2026-02-18 08:35:16,Technical Bug/Crash
Talita Regina,1,knp abis di update ga bisa memposting ulang vd?,2026-02-18 08:34:41,Feature Complaint/Request
arzel espargaro,5,baguss tapi kenapa tidak ada di layar beranda saya😭😭😭😭😭😭😭😭😭😭😭😭😭😭😭😭😭😭,2026-02-18 08:34:23,Praise & Gratitude
ARI YULIANTO,5,apk nya sangat bagus klo bisa diupdate lagi trima kasih,2026-02-18 08:33:45,Performance Issue
Muhmmd Reza,1,"udh lama download tiktok tapi kenapa lihat komenan gabisa dan yg lainnya juga gabisa, bisa nya cuman scroll video doang aneh, katanya ga ada koneksi internet lah padahal saya punya paketan internet, tolong dong",2026-02-18 08:33:02,Feature Complaint/Request
Nabila Panu,3,tik tok tidak bisa di instal katanya harus hapus aplikasi yang pas saya sudah hapus tidak bisa lagi.TOLONG DI PERBAIKI LAGI,2026-02-18 08:32:11,Performance Issue
Kenan Razka,5,aku sih agak ada kecewa video aku gk fyppp itu aja sih,2026-02-18 08:32:02,General Request/Complaint
valerie gracee,1,tidak suka batasin umur ny.,2026-02-18 08:30:38,Praise & Gratitude
Latiffa Lutfiana,3,menarik tapi sedikit ngelag,2026-02-18 08:25:23,Performance Issue
Faiz Hamdani,3,ngeleg tapi seru,2026-02-18 08:24:33,Performance Issue
Oppo A15,5,apply udah bagus banget,2026-02-18 08:23:58,Praise & Gratitude
Fitri Yanti,3,saya sering buka tiktok tapi tidak bisa bikin akun,2026-02-18 08:23:55,Account Issue
Ramdani Aditya,5,Wih skrng jdi bgs fitur tiktok nya sesudah di update jadi mantap betull nih tiktok,2026-02-18 08:23:25,Feature Complaint/Request
Yose Rizal,4,mantap,2026-02-18 08:21:36,Praise & Gratitude
Agus Pp,5,Baguss bang,2026-02-18 08:20:28,Praise & Gratitude
Fatma Kasih,1,tidak bisa masuk ke tiktok,2026-02-18 08:19:52,Account Issue
Marko Antonio Ginting,1,"Saya sudah lapor ke CS dan akun saya tetap di blokir tanpa penjelasan yang jelas, saya merasa tidak pernah melanggar peraturan dari tiktok tapi akun saya tetap di blokir, emang aneh ni aplikasi, easy bintang 1",2026-02-18 08:18:58,Account Issue
Dewi Uuy,5,sangat asik,2026-02-18 08:17:26,Praise & Gratitude
Kiki Julianto,3,"kadang"" apk nya tiba"" lag sendiri padahal kalo buka apk lain aman aja",2026-02-18 08:14:16,Performance Issue
Ha Mida,4,"tapi kenapa punya saya kayak agak lambat untuk fitur "" baru ya gak ke apdute gitu kenapa ya",2026-02-18 08:11:50,Feature Complaint/Request
Andri Desvianto,5,sangat bagus carakerjanya meski bnyk iklan,2026-02-18 08:11:05,Praise & Gratitude
Sampit Spt2024,2,sekarang banyak iklan nya tt shop nya sampe berpengaruh ke apk lain,2026-02-18 08:09:27,Feature Complaint/Request
Noval Ardiansyah,5,mantap semakin ok dintiktok,2026-02-18 08:06:57,Praise & Gratitude
bima Putra,1,"Apalah masak mau masuk tik tok keluar sendiri belum juga lihat video nya tiba² keluar sendiri tolong lah perbaiki bug seperti ini, masa mau lihat video tiba² keluar sendiri, sudah ngehabisi memori, keluar sendiri pula, 2 GB lebih loh apknya, perbaiki lah kek mana ini developer nya, terus kalau bisa setiap masuk toktok ini gak usah ada iklan bngst",2026-02-18 08:06:03,Technical Bug/Crash
Ridho Alamsyah,1,Kenapa di hp vivo y17s tidak ada fitur foto live di tiktok padahal di kamera hp ada fitur foto live😭,2026-02-18 08:01:42,Feature Complaint/Request
jihan jihan lestari,2,kenapa tidak ada toko dan posting ulang pdhal sudah di update,2026-02-18 08:00:14,Feature Complaint/Request
Dewi Ratnasari,1,kenapa tiktok hanya komentar dan pengaturan g bisa dibuka sudah 4 hari ..walaupun hanya scol² itu untuk belanja..tlng diperbaiki biar bisa belanja di tiktok,2026-02-18 07:57:31,Feature Complaint/Request
Vano Superhero,4,"dear admin, pengen bisa hastag banyak lagi",2026-02-18 07:56:28,Performance Issue
RANGGA Saputra,1,"kenapa ya saldo refund barang saya tidak bisa di ambil walau sudah tanggal 18. Mohon lah tiktok itu dana saya bukan dana anda, katanya ada pemeliharaan sistem, bohong mana ada pemeliharaan sistem selama ini.",2026-02-18 07:53:07,Monetization/Earning
Risma Noviani,1,"habis di update malah keluar"" sendiri ga bisa di buka + GAUSA MENGADAKAN EVENT POTONG HARGA KALO POTONGAN NYA SAJA KECIL AND TIDAK MASUK AKAL",2026-02-18 07:46:18,Account Issue
Maida Nafisah mumtazah,5,tiktok bagus tapi gk bisa ngakunin tiktok nya,2026-02-18 07:45:55,Account Issue
Erna Wulan,5,seru bangett ada tiktok pokoknya is debes👍🏻,2026-02-18 07:44:07,Praise & Gratitude
Ramli Ramsi,5,mantap,2026-02-18 07:43:05,Praise & Gratitude
St masruroh Masruroh,5,aku punya akun yang bernama the king azzzam,2026-02-18 07:42:54,Account Issue
Vivo Y01,5,Bagus,2026-02-18 07:42:39,Praise & Gratitude
Elip Lip,3,"bagus,cuma saya ga bisa pesan streak",2026-02-18 07:42:21,Praise & Gratitude
Fikri Ahmad tamamul,5,mantap,2026-02-18 07:38:49,Praise & Gratitude
nani setyani,2,aplikasi nya ngecrash mulu tolong min diperbaiki lagi,2026-02-18 07:37:12,Performance Issue
Evis Dinalorenza Depriani 28,4,"Aplikasi nya bikin kesal,awal nya digunakan gak ada lelet2 tapi sekarang lelet nya minta ampun!!! padahal udh perbarui apk,gimana sih pihak tiktok😴😴. kalau masalah jringn gpplh ini indk jringn ok2 aja TPI apk nya ttp lelet!!!. semoga cepat diperbaiki...",2026-02-18 07:33:29,Performance Issue
Rifki Ulala,3,"min kenapa tiktok shop ku hilang ya padahal umur udah sesuai, followers udah, update juga udah, tolong di tindak lanjuti ya 🙏🏻🙏🏻",2026-02-18 07:32:43,Feature Complaint/Request
Nazar Usman,5,aplikasi ini sanggat bagus,2026-02-18 07:30:01,Praise & Gratitude
nurfatin nabila,1,"sering keluar sendiri gajelas bikin gamood, gatau kenapa habis di update mala makin gajelas apknya.",2026-02-18 07:28:23,Technical Bug/Crash
Fitri,3,"aplikasi nya bagus, baik, dan nyaman digunakan, tetapi kurang suka sama respon nya, aplikasi ini banyak salah paham nya hanya karna membahas masalalu tentang SD malah terkena pembatasan usia. saya meminta untuk SEGERAH diproses tetapi responya kurang cepat💔",2026-02-18 07:28:10,Praise & Gratitude
Maria Melisa,1,"Suka lag, keluar aplikasi sendiri, kadang gabisa dibuka sama sekali tolong diperbaiki ya",2026-02-18 07:23:13,Performance Issue
faiz ahmadxb,1,"gw gk bisa uninstall ni aplikasi njir, habis di uninstall pasti balik install lagi 😂 gitu terus",2026-02-18 07:21:52,Performance Issue
Anisah Safitri,5,min tolong tambahin fitur menonton video& dibayar dongg,2026-02-18 07:20:04,Feature Complaint/Request
Rifki Prawiranegara,5,mantap,2026-02-18 07:16:15,Praise & Gratitude
Tsuroyatul Usroti D,3,"kenapa ya,, setiap mau buka komentar selalu loading, pdhl kan sinyal bagus, soalnya buat main game pun lancar"" aja",2026-02-18 07:15:45,Performance Issue
syariat islam pemuda hijrah,5,bagus sekali,2026-02-18 07:12:58,Praise & Gratitude
Olive Olive,5,"bagus, tetapi suka sekali keluar keluar sendiri kenapa ya",2026-02-18 07:04:51,Technical Bug/Crash
Dipta Susanto,5,tiktok ini bagus banget untuk nonton drama pendek/dan juga bisa nonton dll,2026-02-18 06:59:42,Praise & Gratitude
Naza Sirait09,5,ini mah apk paling saya suka sekali gak pelu di tnya kalau kekurangan nya apa sama kamu ???? pingin fypppp,2026-02-18 06:58:52,Praise & Gratitude
Kaizan Aska,4,woi tiktok kenapa fitur kirim foto punya saya dihilangkan,2026-02-18 06:56:37,Feature Complaint/Request
Linddy,1,"kenapa gabisa buka komentar si? ga cuma komentar buka profil tiktok aja gabisa! loading Mulu pdhl wifi gk knp², udh di pakein paket data jga tetep gbsa",2026-02-18 06:51:03,Performance Issue
Ayla Ayla,5,bagusssss bngett plcccc,2026-02-18 06:49:26,Praise & Gratitude
Dedi Supriyadi,5,aplikasi yang sangat populer di seluruh dunia🥰,2026-02-18 06:48:43,Praise & Gratitude
Amrullah Paembonan,5,mantappp,2026-02-18 06:44:37,Praise & Gratitude
Garta . M,5,aku suka,2026-02-18 06:39:22,Praise & Gratitude
Azi S,4,bagus,2026-02-18 06:38:17,Praise & Gratitude
Nando Rahawarin,5,apk ini sangat baguss,2026-02-18 06:37:39,Praise & Gratitude
Bakti,5,tiktok nya bagus banget anjir,2026-02-18 06:34:48,Praise & Gratitude
Hasniati Spdi,5,makasih bgt tiktok saya makin suka dan seru 😀 semoga sukses selalu semuanya 🤲🏻 dan sehat selalu 😅,2026-02-18 06:32:57,Praise & Gratitude
Novita harahap,5,tiktok ini sangat bagus karena ada banyak filem ada filem apa aja tapi aku mohon tiktok jangn bolk akun ku lagi ya,2026-02-18 06:27:44,Account Issue
halo gatau,1,keluar sendiri force close terus anjg,2026-02-18 06:23:53,Technical Bug/Crash
Salu Rahayu,3,ini kenapa gak ada fitur toko nya weei,2026-02-18 06:13:08,Feature Complaint/Request
Mecca Coll12,3,tolong play store tik tok ku kok ga bisa buat posting ulang ya jelek lgi gmna ya..,2026-02-18 06:10:06,General Request/Complaint
Runa Sky,1,apaaan cok lagi di apk lain lagi iklan tiba tiba banget masuk tiktok anjirrr ngeselin kali lah,2026-02-18 06:06:50,Account Issue
Inayah Sayangku,1,terblokir terus akun ku nabule,2026-02-18 06:04:43,Account Issue
Rosiana Prameishela,2,yg aku udh updt taoi ko ga ada fitur shop nya,2026-02-18 05:58:47,Feature Complaint/Request
Resty maiarif,1,"tolong dong suka bgt keluar sndiri pdhl memo juga masih bnya, udh hps data berkali kali ttp gt aja, hrs didownload ulang baru bisa normal lagi, nanti seminggu lgi, blik ky gt lgi, muak bgt",2026-02-18 05:49:23,Performance Issue
iaa Ndrynii,1,gak ada shop buat belanjanya,2026-02-18 05:42:43,Feature Complaint/Request
Helma Dina,1,"tolong di perbaiki lagi sering banget ngebug pas makai apk ini padahal udh ada dari tahun bowo si raja tik tok, tapi makin ke sini makin parah dari masalah gaada jaringan pdhl udh pakai wifi udah beli kouta juga 100gb masih gabisa di pakai sampai aku uninstall ulang download lagi tetap gabisa kecewa bgt sama tiktok.",2026-02-18 05:34:17,Technical Bug/Crash
Andika Pertama,5,aplikasi yang bagus saya bisa menemukan berita apa saja disini aku kasih bintang lima,2026-02-18 05:26:10,Praise & Gratitude
Syafwan AD,5,bagus sekali,2026-02-18 05:24:01,Praise & Gratitude
Frisky ai,1,nge buflg terus perbaiki lah!MASA ADA PAMET SAMA DATA G BISA BUKA TIKTOK 30 MENIT,2026-02-18 05:12:54,General Request/Complaint
Muh. Sirajul Azman,1,aku posting video aku pake lagu yang aku mau. terus pas lama kelamaan lagunya keganti. maksudnya apa yah? mana lagunya jelek banget lagi kurang ajar,2026-02-18 05:07:46,Performance Issue
kartikaput 7890,2,"semenjak di-update malah lemot dan tidak muncul pp,tidak tau mungkin hp yg ngeleg atau gimana, padahal sudah di refresh.",2026-02-18 04:25:42,Performance Issue
Zahra Nurani Fahrizah,5,bagus,2026-02-18 03:24:59,Praise & Gratitude
Muhamad Sutisna,5,bagus tidak menyia menyiakan,2026-02-18 03:13:07,Praise & Gratitude
Oppo 543,5,bagud banget bisa lihat Vidio yang bagus bagus,2026-02-18 03:02:35,Praise & Gratitude
Kaisa Azzahra,5,bagus banget,2026-02-18 02:59:01,Praise & Gratitude
Aman Ridz,5,mantap,2026-02-18 02:56:06,Praise & Gratitude
Khoirul Nazriel,5,dpt uang dr nonton dracin di tiktok,2026-02-18 02:45:19,Monetization/Earning
Added Turmudzi,5,mantap semoga saya bisa melihat info lengkap tentang istri yang baik dan benar dapat digunakan sebagai bahan hiburan 👍👍👍,2026-02-18 02:42:01,Account Issue
alief Prayuda,1,"tiktok skrg baperan, dikit2 pelanggaran, padahal aplikasi ini sdh bagus, tapi jgn terlalu banyak pelanggaran",2026-02-18 02:37:43,Praise & Gratitude
Slamet Haryono,5,belanja lebih mudah di tik-tok sambil scroll video pendek,2026-02-18 02:37:05,Feature Complaint/Request
Ridobae Ridobae,5,bagus,2026-02-18 02:25:40,Praise & Gratitude
Lakas Kasat,1,burik kg bisa isi link bio trus komen ilang,2026-02-18 02:11:46,Feature Complaint/Request
wiratmoko 1986,5,everything is running smoothly after the update,2026-02-18 02:11:45,Feature Complaint/Request
Wahyunurtriawan11,5,mantap,2026-02-18 02:06:45,Praise & Gratitude
Salman Alfarisi,5,bagus sangat menyenangkan,2026-02-18 01:56:57,Praise & Gratitude
Alya Hany lestari,1,"event 100 p, sumpah bikin orang cape",2026-02-18 01:44:08,Monetization/Earning
bintang arkah,1,JARINGAN FULL BUKA APK LAIN BISA LANCAR JAYA. GILIRAN BUKA TIKTOK GABISA. BENCI TIKTOK BOIKOT TIKTOK,2026-02-18 01:43:17,Account Issue
Daffa Rifki,2,"Mohon Maaf Min, Ini Semenjak Saya Update Tiktok Nya Agak Ngeleg Gitu Kalau Di Gunakan, Tolong Di Perbaiki Lagi Min 🙏🏻",2026-02-18 01:38:25,Performance Issue
awan aji,5,bagus,2026-02-18 01:30:18,Praise & Gratitude
Home Garage,1,"ini aplikasi arah suka keluar sendiri,,,padah hp ram besar,,,MENDING DI HAPUS GK USAH DI DOWNLOAD",2026-02-18 01:24:29,Technical Bug/Crash
kinara Fiorenza,1,"jujur di saya ga ada masalah apa apa sama aplikasi dan fitur fiturnya, semua lancar bagus dan ga ada bug selama saya mendownload tiktok, tapi yang bikin saya malas membuka apk ini tuh makin banyak short drama barat yang terlalu seksual dan vulgar, yang saya heran kenapa sering sekali muncul di beranda saya, saya udah laporkan video tersebut sudah saya pilih opsi tidak tertarik tapi semakin lama semakin banyak dan semakin vulgar lagi video yang muncul, tolong dong di perhatikan kebijakannya",2026-02-18 01:17:10,Technical Bug/Crash
Nisa anak mama,1,"fitur bagus bagus di aku gaada, giliran yang jelek aja banyak. kek potongan harga (Rp.100) aneh. pilih kasih ih",2026-02-18 01:13:26,Feature Complaint/Request
KANNN ROEKAN,5,bagus,2026-02-18 01:10:35,Praise & Gratitude
Zabrik Bocil epep19,5,kenapa ya pas saya mau posting video kaga bisa di lihat orang lain tolong yak,2026-02-18 01:09:46,General Request/Complaint
Sugandhi Gandhi,4,"kenapa akun saya sering macet dari keluar sendiri, baru-baru ini kenapa akun saya tidak bisa ikut naik Komal dan tidak pernah dapat hadiah dari GB. tolong di perbaiki ya terima kasih",2026-02-18 01:08:32,Technical Bug/Crash
Putri Yasmin,1,"aneh bgt akun gw yang satu tiba-tiba ilang yg satu tiba' rusak, gmna sih tik tok ini",2026-02-18 01:02:30,Account Issue
Asixs Familly,1,"view dikit, banyak sering kena pelanggaran, itu knp, gak ngapa2in kena pl... aneh, di perbaiki lah...",2026-02-18 01:01:32,General Request/Complaint
Raka,1,"knapa setiap kluar apl mau masuk lgi GK bisa,,tolong di perbaiki",2026-02-18 01:00:18,Account Issue
Dua Putra,5,"aplikasi ini sangat berguna dan membantu,tapi kenapa kok sering ada yg kurang jelas di peraturan"" nya,apa saya yg gagal faham ya,tau ah.pokoknya mantap,terima kasih",2026-02-18 00:59:01,Praise & Gratitude
Shadiq,1,TAMBAHKAN FITUR NYIMPEN FOTO DI CHAT TIKTOK MIN,2026-02-18 00:49:11,Feature Complaint/Request
Kota Langsa,3,bagus,2026-02-18 00:48:28,Praise & Gratitude
Oppo Hitam,3,kenapa akun tiktok saya sekarang tidak bisa menggunakan tiktok shop padahal saya tidak pernah melanggar aturan dan alasan nya karena usia padahal usia saya udah lewat dari 18 tahun,2026-02-18 00:44:25,Account Issue
angel lika,5,TOLONG DONG ADAIN PIN CHAT LAGI😭🙏🏻,2026-02-18 00:38:54,Performance Issue
Fitri Ramadhani,2,bagus sih cuman sekarang ada kesalahan gatau kenapa padahal wifinya ga ngelag gabisa nengok komen dan video private,2026-02-18 00:34:01,Performance Issue
Dava ramdani Ramdani ar,5,pokonyh mantap,2026-02-18 00:29:36,Praise & Gratitude
rizal Umami,5,Sangat bagus dan bermanfaat,2026-02-18 00:17:44,Praise & Gratitude
"zut,me",3,"kasih filtur privasi setatus yang bisa memilih 1 akun atau lebih, jgn filtur privasi yang hanya teman yang bisa melihat",2026-02-18 00:17:37,Account Issue
Agus Madiun,5,"ni aplikasi bagus tapi tolong lah kalau nge kompres video jangan terlalu banyak dari yang awalnya hd 2K 60fps jadi 480p 30fps itu udah parah banget buriknya, alhasil jadi gak mood mau bikin konten lagi",2026-02-18 00:14:32,Performance Issue
Teguh Perkasa,3,mohon diperbaiki karna sering keluar tiba2 ketika sedang live🙏🙏🙏,2026-02-18 00:14:11,General Request/Complaint
Ulul Faris,5,bagus,2026-02-18 00:05:40,Praise & Gratitude
Yus Yos,1,setelah update ko stiap nonton vidio selalu ngelag. dikira jaringan wifi gua gangguan. tpi baca komen dll bisa. vidionya aja ngelag. soalnya bukan skali 2x. stiap lgi scroll dan ada vidio yg kita tonton kadang ngelag !,2026-02-18 00:05:39,Performance Issue
Hoiril Sahbilly Siregar,5,baguss buatt hiburan sayaaa biarr engakk bosenn dann buatt galau jugaa bisaaa,2026-02-18 00:00:56,Praise & Gratitude
Satria Ramadhan,5,apk sangat bgus tpi knp akunku pay latter nya g bs d buka kemarin masalah ny aq salah ketik dana juga gk balik mu bayar gak bs tolong saya,2026-02-18 00:00:53,Account Issue
Izam Purnawan,1,"Bisa""nya iklan Judi Online bisa masuk apk tetrend gini masih bisa dirayu iklan slot judi online",2026-02-17 23:58:40,Account Issue
Derilia,5,sangat bagus untuk orang berapresiasi dan berkreasi dengan fitur fitur yang sangat membantu dan bisa menghasilkan uang jutaan rupiah. semogah ke depan nya lebih baik lagi dan bisa jadi no satu aplikasi penghasilan uang.,2026-02-17 23:56:11,Performance Issue
Catur Kurniawan,5,bagussss,2026-02-17 23:49:32,Praise & Gratitude
Cocol doang,5,bagus,2026-02-17 23:41:44,Praise & Gratitude
Sunar Sunar,3,sering kena batas usia gk bisa di buat DM tolong dong tiktok,2026-02-17 23:41:28,General Request/Complaint
Muhammad Fajar,1,"makin lama makin engga jelas akun udh masuk terus keluar lgiii hadeuh lama""gua beli nih tiktok",2026-02-17 23:41:27,Account Issue
Tiara Qilaa,5,aplikasi nya sdh bagus tpi makin lama makin lelet di pakai,2026-02-17 23:32:57,Performance Issue
Mega Truck,1,aplikasi nya mohon diperbaiki lagi banyak bug kadang macet ngecrash parah sangat berat,2026-02-17 23:32:57,Technical Bug/Crash
andi ganzz,5,minn kok tiktok shop aku gada koin potongan harga,2026-02-17 23:28:27,Feature Complaint/Request
Maryahh 123,5,sangat bagus,2026-02-17 23:25:10,Praise & Gratitude
Noval Maulana,1,"saya kasih bintang satu karena akun saya tiba-tiba kena ban permanen, padahal saya tidak melakukan apa-apa",2026-02-17 23:22:57,Account Issue
marwah suryadi,5,"ya, ok, bagus",2026-02-17 23:13:50,Praise & Gratitude
Eren Nazilla,2,"belanja di tiktok shop lama banget pengirimannya, kurir di chat sok ngartis, berkali-kali laporan tetap aja lama progresnya, pesanan gak diantar antar, csnya juga jawabannya template, statusnya udah diterima tapi barangnya gak sampai",2026-02-17 23:12:27,Feature Complaint/Request
yumi,1,kenapa pembagian fiturnya gak adil?!,2026-02-17 23:11:23,Feature Complaint/Request
Perintis Story,5,kre and mantap,2026-02-17 23:10:36,Praise & Gratitude
Rayyan rayyan,5,"sangat menyenangkan bagi saya bisa mengisi waktu luang dengan video bermanfaat dan juga bisa dipakai untuk berbisnis pokonya sangat bagus , good joob🤩👍👍",2026-02-17 23:08:56,Monetization/Earning
Toni Opoy,1,knpa tiktok ga bisa liat tmn sedang live di kontak masuk notifikasi,2026-02-17 23:02:09,Account Issue
Eka Wahyu,3,gatau akhir akhir ini suka keluar sendiri dari aplikasinya,2026-02-17 22:55:16,Technical Bug/Crash
Lestari Aza,1,selalu ngelag dan tidak menanggapi,2026-02-17 22:55:03,Performance Issue
Muhammad Mirza,5,"Tolong ini kenapa punya gua ga bisa melihat profile orang-orang yang gw follow, ga bisa di pencet profile daftar orang-orang yang gua follow, tolong di apakan dulu itu biar ga apa kali",2026-02-17 22:54:51,Account Issue
Sri,1,sumpah gkk bagus bgtt nih tiktok,2026-02-17 22:49:43,Praise & Gratitude
Chenry julian Mangera,5,Tolong developer tiktok nya di perbaiki Jangan ngelag sama jangan sampai hp saya mati tolong di perbaiki ya,2026-02-17 22:47:22,Performance Issue
Rafi Wifa,2,"tiba"" akun aku kenak pl padahal gak ngapain ngapain",2026-02-17 22:47:22,Account Issue
Aditya Prayoga,5,min mana potongan harga,2026-02-17 22:45:41,Monetization/Earning
cipto 3711,5,sangata bagus tapi kenapa akunku tidak bisa merubah foto ya malah harus menggunakan kamera sendiri baru bisa?? aku. sudah update tetapi sama saja,2026-02-17 22:45:28,Account Issue
Abdurrorrr yoi,5,bagus,2026-02-17 22:43:03,Praise & Gratitude
jafar japot,2,ngelag,2026-02-17 22:40:27,Performance Issue
Rinda seviyanti,5,bagus dan bisa terhibur,2026-02-17 22:33:54,Praise & Gratitude
keylaa,5,bagus,2026-02-17 22:32:28,Praise & Gratitude
Azura38 Ibzura,5,dah bagus tapi klok dah ada event mesti pilih kasih gak semua yang punya tiktok bisa contohnya sekarang potongan harga,2026-02-17 22:31:44,Monetization/Earning
Jihan Jihan2345,1,"suka bikin story sendiri, tiba tiba banget semaunya apk nya sumpaa yaa, kadang yang ada di draft di bikin story, bikin malu bgt plss, apk nya kok gini ya??",2026-02-17 22:28:47,Feature Complaint/Request
Rere Sianturi,1,"gk bagus ada lag nya klo buat filter malah nge-stuck atau gk bisa gerak udah diulang ulang, ada suaranya walaupun udah kelar dari tiktok. sangat resah gk sukaa",2026-02-17 22:27:05,Performance Issue
Abdull Dudu,1,apk nya jadi sarang judol jadi MLS buat bukak tiktok lagi,2026-02-17 22:25:40,Performance Issue
ILHAM ULLAH,5,Merasa terhibur dan saya sangat suka dan puas berita informasi dan mendapatkan wawasan yang lebih besar. cuma akunya live konten tidak terlalu percaya diri hehe🙏😁,2026-02-17 22:25:39,Account Issue
Aisyah Rini,2,"Saya sudah bertahun-tahun menggunakan apk ini dan saya selalu update apabila ada pembaruan apk,tapi kali ini saya semakin bingung karena semakin saya sering update semakin ngebug dan error apk nya, seperti yang saya alami saat ini,saat saya masuk ke apk tak berselang lama beberapa detik otomatis terkeluar dari apk,kalau 1 atau sampe 3 kali masih dalam batas wajar,tapi ini terlalu sering saat saya ingin scroll,post,dan lainnya,tolong diatasi bug nya yah,terimakasih 🙏🙏",2026-02-17 22:23:31,Technical Bug/Crash
Arsyi Yusuf rahmat,2,"maaf min, toko tiktok shop udah ad tapi gak bisa beli d batasi umur padahal yang biasa beli pesan itu ibuku umurnya 45th, gimana dong min jadi gak bisa beli d tiktok shop, tolong d perbaiki..... trimakasih 🙏",2026-02-17 22:23:01,Feature Complaint/Request
Imma Mhdhar,5,"aplikasi yang bagus buat nyari referensi apapun itu, good tiktok 😁",2026-02-17 22:21:30,Praise & Gratitude
Dirwan Dirwan,5,bagus,2026-02-17 22:20:10,Praise & Gratitude
Adji Prasojo,5,sangat bagus,2026-02-17 22:19:02,Praise & Gratitude
Kanti Kanti,5,tolong untuk tiktok bug nya di kurangin☺ tapi apk nya bagus 👍,2026-02-17 22:17:29,Technical Bug/Crash
Nazria Syaa,5,"tolong tiktok ini kenapa ya kan waktu saya buka aplikasi nya ko gabisa terus aja muncul ""coba lagi"" padahal wifi lancar terus pas udah di bersihin cache masih tetap terus nyoba login di akun yang lain ga bisa,saya juga udah coba uninstall terus download lagi sampe udah tiga kali tapi malah susah login udah bikin akun baru juga tetep susah pas udah bisa login tampilan nya jadi tampilan yang lama terus ga ada tiktok shop nya udah di update juga tetap ga muncul",2026-02-17 22:17:20,Account Issue
Armani Fitri,5,bagus,2026-02-17 22:17:00,Praise & Gratitude
Elmo Armagan,5,Sangat bagus,2026-02-17 22:16:56,Praise & Gratitude
meyilani putri,5,apk bagus,2026-02-17 22:11:20,Praise & Gratitude
Ary Anto,2,apa apaan bjir mau daftar kirim kode gak ada2,2026-02-17 22:09:43,Account Issue
Dewina Inha,1,udah lm oke ini aplikasi tpi akhir² ini selalu bikin jengkel selalu keluar terus apknya jga ngeleg sistem TDK menanggapi,2026-02-17 22:08:17,Performance Issue
Julio Aliahkenzo,1,byk anak anak yang gajelas,2026-02-17 22:08:12,General Request/Complaint
tito Prasetyo,5,Sangat Bagus sekali,2026-02-17 22:06:40,Praise & Gratitude
Qory Assegaf,1,lelet banget,2026-02-17 22:06:14,Performance Issue
Alityaa Khasanah,3,"ini aplikasi saya apresiasi sangat bagus dan berguna banget, namun saya itu user tiktok yang sering copot papang karna kadang ga ke pakai, ketika saya download lagi selalu saja ada bug, misalnya yang saya alami hari ini nyaitu ketika saya download dan mau bikin vidio tiktok, tampilannya itu seperti tiktok lite padahal saya download nya tiktok biasa, dan beberapa alat seperti untuk mengedit vidio di tiktok itu iuga ilang dan bentuk foto di tiktoknya juga kotak tidak seperti biasanya.",2026-02-17 22:06:11,Technical Bug/Crash
Keyla Setyawan,1,"sebenernya bgs tpi update nya susah, memo penuh trs pdhl udh dibersihin",2026-02-17 22:05:17,Account Issue
Adveria Onecaina,3,aplikasinya bagus banget tapi klo buat akun tuh kayak susah banget gitu jadi kali ini aku kasih Bintan 3 dulu,2026-02-17 22:04:38,Account Issue
Muti'ah hanifatur rohmah,1,"sekarang ada event 100 perak tapi di akun tik tok saya tidak ada eventnya, sedangkan punya orang lain ada event nya dari babak 1 2 dan sekarang pun babak 3, sedangkan di akun saya tidak ada event 100 perak sama sekali dari awal babak 1 babak 2 sampai sekarang pun babak 3 gak muncul di akun saya. wahhhhhh parah gak adil tauuuu gimana si official nya kalau ngadain event tuh harus rataa adil nya 😤😤😤 event potong harga nya tidak muncul di akun saya tik tok shop",2026-02-17 22:02:09,Account Issue
Kacer Hitam,1,"knp tiba tiba tiba aplikasi tiktok sy ayg sudah berjalan eror, dan tiba tiba tidak memenuhi syarat apa mkas nya..tgl lahir yg sya masukan sudah benar namun tiktok Mlah menolak dan Tidka dapat mlihat stori ataupun vdio yg sudah sya upload. ??whay",2026-02-17 22:00:57,Account Issue
yanz bule,5,mantap,2026-02-17 21:52:39,Praise & Gratitude
Mutmainna Iin,2,tiba ada notif hrs daftar ulang soal umur tdk sesuai pdhl sya dah umur 35,2026-02-17 21:49:55,Account Issue
PokerFace,1,"min tiktok punya ku error sejak kemarin error nya bisa melihat video tapi tidak bisa membaca komentar. sudah banyak cara dilakukan tetapi tidak berhasil dan kalau mau buka apapun pasti akan loading dan ujung ujungnya t""idak ada internet"". tolong min di benarkan",2026-02-17 21:49:47,Technical Bug/Crash
Reysha Zha,5,bagus tapi bisa di hek orang ak,2026-02-17 21:49:41,Praise & Gratitude
Asman Maccateach,5,mantap,2026-02-17 21:47:14,Praise & Gratitude
adalahpokonya,5,bagus banget,2026-02-17 21:46:55,Praise & Gratitude
Alpa Strike,2,assalamu'alaikum maaf tolong developer tiktok kurangin mb aplikasi nya kasian yg HP nya ram2,2026-02-17 21:46:50,General Request/Complaint
Uncle Harry,1,"halah.. komentar gua biasa aja, tapi di hapus mulu. yang laen komen yang sama juga gak tapi di hapus🤣🤣",2026-02-17 21:41:57,Feature Complaint/Request
Fortz FortzXZ,5,bagus👍,2026-02-17 21:41:09,Praise & Gratitude
Juanda putra,2,"KENAPA AKUN TIKTOK SAYA GABISA NGECHAT TEMAN SAYA, GABISA GIFT, KALAU SAYA CHAT ORANG YANG NGE LIVE, GA MUNCUL PESAN SAYA. PADAHAL UDAH UMUR 18 TAHUN, UDAH FOTO KTP TETAP GABISA",2026-02-17 21:41:08,Account Issue
Chalishakinanti,5,Sangat bagus,2026-02-17 21:39:59,Praise & Gratitude
Sumedi Asbiantoro,5,vidio nya bagus dan fyp tapi aku pengen fyp tapi gak bisa 😭,2026-02-17 21:38:07,Praise & Gratitude
Susi Susanti,5,tiko ini bagus dan bikin penasaran,2026-02-17 21:35:45,Praise & Gratitude
Eliza Eliza,5,aku suka menggunakan TikTok,2026-02-17 21:35:03,Praise & Gratitude
assyfa Aura,5,seru bgttt pokoknya,2026-02-17 21:34:39,Praise & Gratitude
Juwita 04,1,"tolong di perbaiki , kenapa selalu kluar sendiri",2026-02-17 21:32:49,General Request/Complaint
Herlina Saputri,1,sakit hati tau kalo tiba tiba akun ilang,2026-02-17 21:32:33,Account Issue
nia punyaaalip,5,"bagus, tapi suka bug keluar keluar sendiri dari aplikasi, terus juga kalau di buka ga muncul vido cuma logo tiktok nya doang",2026-02-17 21:32:07,Technical Bug/Crash
OhMyBryzz,1,"tolong lah tiktok, kenapa fitur sosial seperti buka komentar setiap video yg lewat di fyp, chat orang, liat history tontonan, like, favorite, repost, dll itu loading terus, tapi pas nonton video yg fyp malah lancar gitu, selain yg nonton video doang malah ngelag banget gitu, padahal sinyal lancar lancar aja, saya buka Ig,yt,fb dan platform sosmed lainnya malah lancar, cuma tiktok doang nih yang bermasalah, tolong segera perbaiki bugnya, saya sangat kesal sekali sama tiktok ini",2026-02-17 21:31:48,Technical Bug/Crash
Canda Canda,5,sangat baguss,2026-02-17 21:30:48,Praise & Gratitude
mutiara.yuanita 06,4,tidak ada logo potong harga nya/event 100 perak,2026-02-17 21:30:46,Monetization/Earning
Laras Laras,2,lag,2026-02-17 21:29:17,Performance Issue
Supono Pono,5,Sangat bagus,2026-02-17 21:27:08,Praise & Gratitude
Dim Dimas,5,Bagus banget ni aplikasi buat ngehiburr,2026-02-17 21:24:52,Praise & Gratitude
jayusmanaja,1,"inii kenapaa yaaa tt aku ngebug terusss gabisa bukan komennn,bikin tt padhl wifi lancarrr",2026-02-17 21:22:18,Technical Bug/Crash
Siduhu Zagoto,5,Terimakasih,2026-02-17 21:21:13,Praise & Gratitude
Amel Mel,5,tiktok aku suka ngeleg apalagi baru beberapa menit pakai tiba tiba keluar dari tiktok,2026-02-17 21:20:50,Performance Issue
Nazal Irzamega,1,jelek karena ada alat kesejahteraan gak bisa di matikan bukanya nambah sejahtera Malah nambah emosi,2026-02-17 21:19:49,General Request/Complaint
Berlian ARZK,5,bagus buat hiburan,2026-02-17 21:16:40,Praise & Gratitude
Adi Setia,5,kok bisa ga ada potongan harga nya ya di saya?,2026-02-17 21:14:00,Monetization/Earning
Qirana Nurul,1,iniiii aplikasi bagus banget tapiii di akuu nya kok gak ada postingan ulang yaaa udah ku otak atik jugaa tetep ajaa gak adaaaa☹️💔,2026-02-17 21:12:21,Praise & Gratitude
Ridho Akun bisnis,2,maaf ya min aku kasih bintang 2 soalnya akun ku kena spam like,2026-02-17 21:11:46,Account Issue
Abdul Basith,5,bagus,2026-02-17 21:10:34,Praise & Gratitude
ali man,5,sangat bagus dan bisa cari teman yang beda kota,2026-02-17 21:07:28,Praise & Gratitude
Apria Putra,5,agak enakan scrol tiktok akun aku gak bisa lihat yang aku posting gimana ini mohon di balas,2026-02-17 21:07:06,Account Issue
Aulia Naura,3,"Kenapa semenjak diperbarui tiktok agak lemot, padahal jaringan bagus, dipakai di semua sosmed bisa dan lancar. Tetapi kenapa di tiktok bertuliskan ""tidak ada internet"" sudah coba uninstall lalu Install tapi tetap sama. Tidak bisa buka komentar selama 2 hari, padahal jaringan bagus, mohon untuk tiktok segera diperbaiki kembali. Terimakasih 🙏🏻",2026-02-17 21:06:19,Performance Issue
Fatir,5,Bagus nih buat orang yang nganggur,2026-02-17 21:03:12,Praise & Gratitude
Fauzia Jamilah,3,susah daftar akun,2026-02-17 21:02:06,Account Issue
Yulia Oficial,5,bagus memuaskan CMN buat Pitur terbaru nya GK muncul di aku,2026-02-17 21:01:25,Praise & Gratitude
Peles kogoya,1,fitur belum bisa keluar live pengikut banyak tapi live gak muncul ini,2026-02-17 21:01:21,Feature Complaint/Request
Deka Badai,5,"terlalu mudah untuk jadi afiliator, bermodal 600 fiolower bisa ber keranjang kuning. maka banyak afiliator, kalau semua pengguna yang folowernya diatas 600 bisa jadi afiliator, lalu siapa yang jadi pembeli? semestinya ada kriteria tertentu supaya lebih di seleksi lagi akun mana yang bisa jadi afiliator, misal dengan cara seleksi jawab pertanyaan kuis pertamyaan wawasan dan ilmu pengetahuan umum",2026-02-17 21:01:11,Account Issue
shaiiel 4i,2,"kdg sk bgt ya ngelag pas lg scroll tiktok, pdhl game lain jaringannya bagus, scroll apk lain jg bagus, cuman ni apk doang yg lag, gw pengguna wifi of course yg make bukan cmn gw, saudara gw pke buat scroll tik tok,bgus bagus aja, knpa dah hp gw doang yg tiktoknya lag, tlg kasi solusi y tiktok klau emg prgkat gw aja yg lag,ksi bntang sgni dlu y,kalau ad solusi gw naikkin ratingnya, thank you for giving the best",2026-02-17 21:01:09,Performance Issue
Jakarta Barat,1,"sumpah kali ini tiktok ngeselin banget, aku lagi bahas masalalu pas masi sd karena aku ngebahas jaman jaman sd sama temanku, langsung kena batasan usia, terus disuruh verifikasi umur pakai ktp, dan aku sudah di verif pakai ktp tapi cuma dikasi 3 kali kesempatan, dan ketiganya gagal semua, akhirnya umurku jadi dibawah umur dan fitur chat dihilangkan, strike tiktok jadi mati dan komen vt hilang, sumpah ga lucu. tolong ai fotonya diperbaiki untuk detek fotonya dan kasi kesempatan foto lagi.",2026-02-17 20:59:10,Account Issue
Dani Ujng,1,"sangat kecewa dengan pihak tiktok,,kenpaa event potong harga saya di hilangkan padahal saya sudah menyelesaikan,,malah ilang begitu saja,,percuma perjuangan saya untuk event tersebut",2026-02-17 20:56:01,Monetization/Earning
Kayla Putri,2,ini tiktok kenapa yaa setiap saya lihat komentar tuh nggak bisa terus ada tulisan ngga ada internet sama ngga bisa liat akun orang dan akun sendiri karena loading Mulu padahal Wifi-nya lancar,2026-02-17 20:55:10,Account Issue
Santi Lestari,4,seru tapi sekarang banyak aturan nya agak kurang gitu,2026-02-17 20:53:04,Praise & Gratitude
YouToo Channel,1,di update baru ini kalo LG livestreaming di tiktok kita dari penonton game patah patah sebelum updatean yg baru ini nya normal. tolong segera diperbaiki ya tiktok. nanti kalo sudah normal bintangnya aku tambah terimakasih,2026-02-17 20:52:52,Performance Issue
Rivaldi Valdi,4,sangat seru,2026-02-17 20:51:41,Praise & Gratitude
kairynn,4,"aplikasinya sih bagus banget. bisa berkenalan dengan semua orang, tetapi aku itu gak suka banget sama bug atau semacam gangguan di tiktok seperti layar video tiktok tiba tiba hitam padahal itu di tempat terang, jumlam pengikut, suka, dan mengikuti tidak akurat, aku sudah coba beberapa cara buat memulihkan tetapi tetap saja hasilnya seperti itu. Mohon segara di perbaiki",2026-02-17 20:46:22,Technical Bug/Crash
Tasya Ramadhani,1,aplikasi sangat bagus tapi sayangnya saya belanja tidak pernah sampai ke saya,2026-02-17 20:44:34,Praise & Gratitude
Alam Alam,5,apkasli ini bagus,2026-02-17 20:42:18,Praise & Gratitude
yellow,4,saya suka aplikasi ini tapi kok aku sekarang GK bisa download ulng ya,2026-02-17 20:38:24,Praise & Gratitude
super nova,5,"ini tiktok gw kenapa ga bisa buka koment, profil sama favorit dah🗿",2026-02-17 20:37:59,Feature Complaint/Request
Neysa,2,"kenapa ya tiktok saya ga bisa buka komen, trus tdi saya instal dan download lagi masi sama padahal jaringan saya bagus, saya blum login loh padahal tiba-tiba suda login, aneh banget, burik bngt tiktok, bikin maless, perusak mood bngtt, tolong dongg aduhh. saya scroll jdi nya ga nyaman nihh gmn si gajelas banget, W PENGEN SCROLL KAYA BIASANYA PLIS ANTI LAG LAG, mana klo pake wifi ga bisa buka komentar dan yg lain, sedangkan pake kuota bisa bisa aja hadeh padahal jaringan wifi saya ga bermasalah.",2026-02-17 20:36:15,Account Issue
I KOMANG BAGUS RAI SUWARJANA,1,jelek,2026-02-17 20:31:38,General Request/Complaint
Dudi Permana,5,mantap buat hiburan,2026-02-17 20:30:32,Praise & Gratitude
Muhamad Irwansah,2,kembali sendiri pas live,2026-02-17 20:27:27,Technical Bug/Crash
MOH KHOLIL,4,bagus,2026-02-17 20:23:21,Praise & Gratitude
Nijah Nasution,5,kadang agak di bikin kecewa,2026-02-17 20:21:01,General Request/Complaint
Mahyudin,5,bagus,2026-02-17 20:20:41,Praise & Gratitude
Budak angon Budak,3,ko tiktok sekarang gabisa buka komen DA bukan postingan ulang vidio ko sekarang jadi gini bug atau apa ini,2026-02-17 20:20:29,Technical Bug/Crash
Cahwedok Cahwedok123,5,bagus,2026-02-17 20:19:09,Praise & Gratitude
Ulfa Aljuamaita,1,tolong kembalikan fitur riwayat kunjungan profile nyaaa ya,2026-02-17 20:17:32,Feature Complaint/Request
ghiska metta alfianti,1,"ini kenapa si tiktok tiba tiba bgt ngelag padahal jaringannya lancar, tolong perbaiki dong.",2026-02-17 20:15:31,Performance Issue
Zai Ahmad,5,bagus,2026-02-17 20:11:35,Praise & Gratitude
Aisyah Avril Azzarah Azzahra,5,bagus,2026-02-17 20:10:29,Praise & Gratitude
Muhamad Faris,1,"gimana ini, tiktok saya eror tidak bisa memunculkan komentar padahal jaringan bagus tapi terdeteksi kalo saya tidak ada jaringan, dan tidak bisa mengirim laporan lewat aplikasi karena jaringan saya tidak terdeteksi padahal jaringan saya lancar dan tidak ilegal",2026-02-17 20:09:46,Feature Complaint/Request
Zahira Dini,5,"hai min,apk bagus ak suka tambahin fituurr tanggal,tahun min di posting ulangan sama like kaya hari ini,kemaren, Minggu lalu,bulan lalu,paling lama pls min pengin liat"" postingan ulang,like yang duluu bangett kita liatt pastii membantu bangett😭",2026-02-17 20:09:02,Praise & Gratitude
Jaka Tingkir,5,mantap,2026-02-17 20:08:23,Praise & Gratitude
Asiyah,1,"ngeselin, lama bgt ga muncul fitur potongan harga",2026-02-17 20:07:00,Feature Complaint/Request
Aisha05 Alina Rahman,5,seru,2026-02-17 20:06:23,Praise & Gratitude
Dian Rahma,5,ahhh tiktok ga adil masa temen temen aku ada fitur potong harganya tapi aku g ada,2026-02-17 20:05:19,Feature Complaint/Request
DARREN DAVI,5,bagus 👍,2026-02-17 20:04:36,Praise & Gratitude
Edward Adam Taruna,2,"Akun diretas tiba"" ga bisa digunakan. Tidak ada jaringan internet. Keamanan tiktok tidak menjamin. Makin parah. Harus diviralkan bahaya ini.",2026-02-17 20:03:42,Account Issue
Muhammad Azwar,1,"akun saya di band, padahal ga ngelakuin apa"" nick nya avary",2026-02-17 20:00:15,Account Issue
Umi Kulsum,3,aplikasi nya bagus tapi suka lag padahal memori Ku ruang nya banyak terus baru buka tik tok udah lag bagus cuma lag,2026-02-17 19:56:46,Performance Issue
nuraini fauziah,4,kok tiktok saya ga ada toko nya sih,2026-02-17 19:56:13,Feature Complaint/Request
seputra 321,5,tiktok video shopee ini emang luar biasa dari tiktok yang lain lebih canggih lagi untuk dipakai sendiri,2026-02-17 19:54:38,Performance Issue
ar_medchannel,2,knapa di apk saya blom muncul fitur paylater nya ..padahal saya transaksi mulu,2026-02-17 19:52:49,Feature Complaint/Request
Saparuzx,1,Ada bug link produk tak bisa di tambahkan,2026-02-17 19:51:33,Technical Bug/Crash
MUHAMMAD Fathan,3,banyak bug,2026-02-17 19:50:46,Technical Bug/Crash
kayla Jofita,2,tolong fitur tata letak nya ada yang bisa ada yang ga bisa,2026-02-17 19:48:28,Feature Complaint/Request
Siti Aisah,3,apk nya bagusss bangett tapii sayang nya ini terlalu banyak mb nya,2026-02-17 19:47:37,Praise & Gratitude
M Qubais Baba,5,bagus.,2026-02-17 19:45:29,Praise & Gratitude
Muchamad Harryono,1,padahal jaringan lancar tapi tetep muter muter buka komentar gabisa gabisa like vidio gabisa postingulang vidio gimana si ini tiktok,2026-02-17 19:44:28,Feature Complaint/Request
Play Boy,5,hemm app nya gk ngelag suka banget dehh,2026-02-17 19:42:01,Performance Issue
Rulboy Pamah,1,"yang baca chat ini,sudah lah lempar koin di room live,sudah banyak kreator keluarga di room live,pasang goodie back ribuan coin hanya untuk memancing penonton lempar coin tapi di saat 1minit akhir semua yang ada di komal mereka saling berbagi gift agar terbaca oleh algoritma tiktok karenah secara acak kontribusi yang ada di room,sepintar""nya tiktok membuat aplikasi tapi mudah di bodohin juga sama pengguna nya,lain lagi goodie back pakai kunci,makanya korun udah jarang dipakai mengundang penonton",2026-02-17 19:39:50,Performance Issue
Slamet Harja,5,Bagus,2026-02-17 19:39:17,Praise & Gratitude
Nayla Muazzara,5,"Bgss bngtt, tpi ak gasuka klo mau kluar live itu nglek",2026-02-17 19:37:19,Praise & Gratitude
Diah Setiorini,5,bagus bgt,2026-02-17 19:37:01,Praise & Gratitude
safira Zahra,5,bagusss enakk juga hahahah,2026-02-17 19:36:23,Praise & Gratitude
Mbunn,4,bagus,2026-02-17 19:32:39,Praise & Gratitude
Pitri Handayani,5,karena asikkk bangettt,2026-02-17 19:32:09,Praise & Gratitude
Zando,3,kenapa tiktok saya ga ada tokonya??,2026-02-17 19:30:02,Feature Complaint/Request
Hilmi,2,makin di update malah makin rusak ni app jadi boros banget baterai sama banyak bug nya,2026-02-17 19:29:51,Technical Bug/Crash
Khayla Almira M,3,Aplikasi nya bagus 👍👌tapi ada beberapa yg kurang 😐,2026-02-17 19:28:15,Praise & Gratitude
Nenek Dika,5,bagus,2026-02-17 19:26:52,Praise & Gratitude
Nurma Ayu,3,"tolong kok akun saya ikon shop nnya ga ada ya mau buat beli beli susah tiktokshop nya ga ada sudah berapa kali update ini ga muncul""",2026-02-17 19:26:13,Account Issue
Kartika Damayanti Tarigan,1,gk ada shop nya,2026-02-17 19:25:29,Feature Complaint/Request
Putri Mawar,5,saya suka sekali dengan tiktok,2026-02-17 19:21:24,Praise & Gratitude
Asal jadeh,5,Bagus,2026-02-17 19:20:56,Praise & Gratitude
Amirah Nuraini,5,bagusss jadi ga gampang bosen,2026-02-17 19:19:48,Praise & Gratitude
stokgurundapzystecu,1,karena akun saya sdh banyak sekali terkena block padahal saya tidak melakukan apa apa sdh 3 akun saya terkena block dan saya tidak tau jga apa yg saya lakukan,2026-02-17 19:19:14,Account Issue
PMDA team,2,"bagus tpi kenapa setiap aku upload viewsnya ngestuck di 0? kalo 200 mah masih mending lah ini 0, udh nunggu berjam jam masih 0, ini gimana sih tiktok",2026-02-17 19:13:09,Praise & Gratitude
hana imti,1,sebenarnya aplikasi ini bagus hanya saja tidak ada pengeditan vidio,2026-02-17 19:12:06,Account Issue
Popi Monica,4,"aplikasi sudah bagus, cuma kok punya saya ngebug",2026-02-17 19:10:45,Technical Bug/Crash
nazla nurarkania,3,knp kalo aku mau foto di tiktok kadang bisa kamera depan kadang engga tolong perbaiki terus knp aku ga bisa foto 4 tolong perbaiki ya😭😭😭,2026-02-17 19:10:43,General Request/Complaint
Sugiarno,1,ngelag mulu anj,2026-02-17 19:10:29,Performance Issue
カーンうちは•,4,"Pls ini sangat lag, pls jangan lag saya muak",2026-02-17 19:07:52,Performance Issue
Muhammad Aditya,1,"ini kenapa buka komen ngelag, buka postingan ulang ngelag, buka vidio yang disimpan ngelag, buka vidio yang di sukai ngelag bahkan buka kamera juga ngelag padahal srol vidio di beranda aman aman aja gak ngelag sama sekali, ni gimana woy tik tok",2026-02-17 19:04:50,Performance Issue
Fajar Maulana,5,sangat bagus,2026-02-17 19:04:32,Praise & Gratitude
Amanda Nafisah,2,tidak ada fitur posting ulang dan pesan langsung,2026-02-17 19:00:06,Feature Complaint/Request
Aansolgun Solgun,3,tiktok ku ga bisa di update harus update 3 kali,2026-02-17 18:58:42,Feature Complaint/Request
RyanRabbani,4,"haloo tiktok, kenapa pada fyp tiktokku tidak sesuai dengan apa yang aku inginkan. maksudku bukankah fyp akan otomati mengikuti apa yang sesuai dengan apa yang kita like ataupun cari, dan selalu muncul video random yang tidak matching denganku. bukankah dulu fyp selalu mengikuti apa yang kita sukai? Terimakasih..",2026-02-17 18:58:37,Praise & Gratitude
Asri Aulia,4,"aplikasi sering ngebug, suka gak bisa like vt orang, gak bisa baca komen, gak bisa liat pengikut, terus gak bisa liat kotak masuk juga, padahal jaringan, wifi sama datanya udah lancar banget",2026-02-17 18:58:26,Technical Bug/Crash
agus setiyono,4,apk nya bagus.tapi saya akan memberikan beberapa saran 1.tolong adakan fitur hapus repost secara langsung agar tidak perlu menghapus secara manual 2.tolong jangan biarkan orang asing chat kita sebelum follow kita. segitu saja terimakasih🙏🏻.HARAP DI JAWAB,2026-02-17 18:57:46,Feature Complaint/Request
LUKI AHDIASYAH,1,"POKOK NYA BINTANG 1 SEMENJAK UPDATE GABISA BUKA KOMEN, TERUS NOTIF PEMBERITAHUAN GA MUNCUL TERUS SERING KELUAR SENDIRI, SELALU GAGAL DALAM JARINGAN PADAHAL JARINGAN BAGUS",2026-02-17 18:57:40,Technical Bug/Crash
KND DRAMA,2,"apa ini min tiap posting vidio mentok 60% setelah itu ngak bisa,, tiktok di update tambah parah ngak kayak dulu lagi, ngak bisa posting vidio cepat perlu 5menit itu pun singalnya bagus ngak jelek dimana kalau singalnya ngak ada, ngak bisa unggah vidio",2026-02-17 18:57:22,Performance Issue
jeyysa salwa Alexsa,3,"kenapa ya setiap scroll suka tiba tiba video nya ga ke puter padahal jaringan bagus wifi lancar, tapi nonton live lancar kalo video di fyp ga muter, harus di hapus dulu, trs download lagi baru bisa kan cape gitu trs mah, padahal memori ga penuh",2026-02-17 18:56:36,Performance Issue
Rhevan,5,aplikasi nya sangat bagus sampai saya nonton sampai tidur,2026-02-17 18:54:10,Praise & Gratitude
Berkah Chanel,1,baru update kemaren tanggal 12 sekarang udah update lagi..😇😇,2026-02-17 18:53:49,Performance Issue
Fris Ka,1,"belanja di tiktok skarang sangat buruk banyak penjual nakal dengan mengirimkan produk palsu dan kita mengajukan pengembalian di tinjau dan toko slalu menolak ,sekarang banyak penjual nakal yang merugikan pembeli",2026-02-17 18:53:34,Feature Complaint/Request
Anisa Isra,5,banyak ilmu 🥰,2026-02-17 18:52:21,Praise & Gratitude
Dewi asi Wulandari,5,"baikk baguss bgtt, tapi kenapa di akun saya dua² ny gak ada muncul event potong harga yaa🥲pdhl kalau belanja di tiktok selalu bnyk promonya trs gk pernah ketipu sama barang² nya",2026-02-17 18:50:48,Account Issue
Tri Astutik,5,bagus,2026-02-17 18:50:43,Praise & Gratitude
Zaenab Zea,1,knp kok apk nya gak bisa yaa ada kesalahan apa di apk nya sampai saya coba 2x donwlod tetep gak bisa tolong di perbaiki apk nya agar semua hp bisa donwlod tiktok,2026-02-17 18:50:27,General Request/Complaint
indra Rizky,1,"aplikasi kadang lag brutal, fiturnya oke sih, tapiii minimal kalo mau blokir akun orang kasih tau dulu dong, akun saya udah ada banyak like, follower, ada temen saya lagi, tapi tiba tiba di blokir😌 tanpa pemberitahuan dan alasannya, ni gimana ya cara mengembalikannya?😑 kalo udah bisa balik saya kasih b5",2026-02-17 18:48:19,Account Issue
Muhamad Al hafis,1,woi umur gw 14 tahun gw gak sengaja verifikasi nya 13 tahun plis jangan hapus akun gw tiktok itu cuman kesalahan yang gw alami umur gw 14 akun tiktok ku hafis_strom_Chaser,2026-02-17 18:47:19,Account Issue
Sanah Zz,5,aplikasi nya bagus bangett🤭,2026-02-17 18:44:50,Praise & Gratitude
Dimas Gambyok,2,"lu kalo niat pelit bikin event,mending gak usah.",2026-02-17 18:44:31,Monetization/Earning
Keyla Ila,5,bagussss,2026-02-17 18:44:30,Praise & Gratitude
Banafsha Nazma,4,tolong updaten logo potong harga yaa karna di akun ku gaada,2026-02-17 18:44:06,Account Issue
Likin Kin,5,bagus oke,2026-02-17 18:42:29,Praise & Gratitude
Margiyatno,5,"app ⭐⭐⭐⭐⭐best, live tambah translat langsung ,biar tahu kpn bisa kirim hadiah",2026-02-17 18:41:21,Monetization/Earning
Styven Simbolon,5,aplikasi nya sangat bagus banyak fiturnya,2026-02-17 18:40:56,Feature Complaint/Request
rendol 96,5,min tolong jangan blokir akun tiktok saya 🙏🏻🙏🏻,2026-02-17 18:40:31,Account Issue
Dera Sakilla,1,"TOLONG DONG BENERIN LAGI BUG NYA, MASAA LAGI BUKA PROFIL TIBA TIBA KELUAR DARI APKNYA TERUS JUGA MAU NAMBAH BARANG DI SHOWCASE KELUAR JUGA DARI APK NYA, INI GIMANA TIKTOK TOLONG DI PERBAIKI",2026-02-17 18:40:04,Technical Bug/Crash
Beber Pagedangan,4,"bagus bngt ,TPI syngny KLO pertama buka Tik tok tuh login nya lama banget",2026-02-17 18:39:31,Account Issue
Agil,3,"saran buat tiktok tambah / ganti expedisi saya asal pesen paket lewat tiktok shop tidak pernah sampai dikealamat saya,,, / paket nya selalu ke retur,,, padahal alamat saya jelas tapi paket tidak sampai",2026-02-17 18:37:24,Feature Complaint/Request
Shakira Abi,1,suka keluar sendiri aneh dn bkin kesel,2026-02-17 18:36:45,Technical Bug/Crash
Balqis Farisa,1,"bapuk ni tiktok, event 100 perak tapi per orang dkit banget, perasaan dulu kaga, benerin dulu dh kata gua mah",2026-02-17 18:35:03,Account Issue
Muh Alif,1,apk nya bagus guanya aja yang jahat,2026-02-17 18:33:35,Praise & Gratitude
Zahya Naizar,1,"kenapa saya pas buka notif kayak dm, like kok kosong, padahal kemaren saya masih bisa tu kirim pesan, mbikin streak, sekarang gabisa, kayak ke reset semua, terus liat posting ulang gabisa, katanya kesalahan jaringan, liat folowers juga sama, padahal buat aplikasi lain masi bisa, terus saya mau laporkan masalah, malah kesalahan jaringan juga, tolong dong kenapa ini",2026-02-17 18:32:47,General Request/Complaint
AAD,1,abis update sering nge freeze,2026-02-17 18:32:06,Feature Complaint/Request
Rarampa Bae,5,"Aplikasi ini sangat bagus,tapi suka ngelag",2026-02-17 18:29:48,Performance Issue
S Lak,1,banyak bug,2026-02-17 18:28:56,Technical Bug/Crash
annisa maulida,5,"bBbagus sskali ,😂🥰😍😘👆🏻 bnayk pidiyo lucu juga",2026-02-17 18:28:10,Praise & Gratitude
Drally Yati,5,Dengan tiktok selain memperbanyak teman bersilaturahmi lewat medsos. juga bisa buat usaha dan belanja apapun yg disukai cepat aman dan,2026-02-17 18:27:56,Praise & Gratitude
Roh Mann,1,apk lelet apa² suruh login tapi begitu login lelet sampek sekarang login aja gak bisa,2026-02-17 18:25:27,Account Issue
Dwi Aditia,1,"Ada akun yang berisisi ttg konten seksual setiap di blok ada lagi akun yg lain yg serupa, gimana ni ??",2026-02-17 18:22:45,Account Issue
Zein Altar,4,saya ingin mendapatkan uang di tiktok semoga pihak tiktok merekomendasikan saya.aamiin,2026-02-17 18:20:57,Feature Complaint/Request
Muhammad Biagi Deswantoro,1,"Tiktok saya malah ga muncul notifikasi terbaru. yang muncul malah notifkasi dari tahun2 sebelumnya.. Tolong diperbaiki, komentar dari orang lain juga ga muncul. Sudah di cleae chace sama aja",2026-02-17 18:18:49,Feature Complaint/Request
nindya zidni,1,"di update kok malah gabisa posting ulang si, trus nge lag liat komentar memuat ulang bukannya makin bagus malah makin buruk. ngirim vt pun jd cuma 10 org doang ribet, tolong banget ada in lagi posting ulang+komen tidak memuat+tidak ngelag+ngirim vt banyakin!!!",2026-02-17 18:18:37,Performance Issue
wabil Gaminggg,5,tiktok ini mantap,2026-02-17 18:18:18,Praise & Gratitude
Sabili Bc,5,bagus sihh tapi adalah pokoknya,2026-02-17 18:16:46,Praise & Gratitude
rara tiara,5,Tolong yang event tiktok per undang jangan 100 perak lama banget ngerajainnya,2026-02-17 18:14:25,Monetization/Earning
rr`,5,bagus bagus sangat sayang sama tik rok,2026-02-17 18:13:39,Praise & Gratitude
Syifa Altafunisa123,5,"plss ini aslinya bagus tapi tiba² kyk bug gitu gbisa liat komen,akun gara² katanya gk ad koneksi pdhl di apk lain lancar bgt pls kasi solusii cepett udh pgn nangis ini aku :(",2026-02-17 18:11:49,Technical Bug/Crash
matchaww,3,"baguss bangett sih, vt² nya juga lucu², tp kenapa yah? di akun satu ku bisa posting ulang, setelah buat akun kedua ga ada fitur posting ulang (tolong di perbaiki bug ini yaa)",2026-02-17 18:11:20,Technical Bug/Crash
ARDI Ansyah,1,apk susah masuk,2026-02-17 18:10:24,Account Issue
Xytzer66 Xytzer66,1,bug terus ni apk,2026-02-17 18:09:15,Technical Bug/Crash
Gagal Sarjana muda,3,nyoba dulu kalau bagus full bintang,2026-02-17 18:08:30,Praise & Gratitude
Sofian Ian,5,ini sangat bagus ada vidio offline nya jugaaa sangat mantap,2026-02-17 18:08:05,Praise & Gratitude
Yusuf Yusuf,5,bagus,2026-02-17 18:04:42,Praise & Gratitude
ida Rania,2,"makin update makin gila poto profil orang orang gak bisa kulihat gak ada Poto nya niat update gak sihh gimana makin gila GK bisa liat poto profil orang dan video yang kita posting ulang gak keliatan kalo kita udah posting ulang di akun kita kalo di akun orang keliatan gak warass.. yang waras kek thats simpleee,😡😡",2026-02-17 18:03:07,Account Issue
Taufan Dolfan,5,mantap,2026-02-17 18:03:07,Praise & Gratitude
Bs Kalapa,5,"tiktok tuh enak keun lah, cuman keselnya tuh suka keluar tiba tiba, cuma minta tolong di perbaiki😉",2026-02-17 17:58:54,Praise & Gratitude
Kurniawan Agus Priyanto,1,akun saya tiba2 ditangguhkan gak ada peringatan dan saya pun tidak melakukan pelanggatan... aneh,2026-02-17 17:55:44,Account Issue
Abid AF,3,tolong ini aplikasih berar banget tapi akhirnya terbayar kan juga 😭,2026-02-17 17:52:02,General Request/Complaint
Nadia Alesha,4,agak lelet sih tapi lumayan,2026-02-17 17:51:12,Performance Issue
Debi Astuti,5,seru pokoknyaaa dehh harus download sii wajibb,2026-02-17 17:49:58,Praise & Gratitude
Naila Maylin,5,kerenn banguttttt🥰,2026-02-17 17:49:03,Praise & Gratitude
Aris Handoko,5,bagus,2026-02-17 17:48:21,Praise & Gratitude
Eri Handayani,4,"Bagus sekali,aku sangat tidak menyesal:)",2026-02-17 17:46:07,Praise & Gratitude
ngadino motor,4,bagus sih tapi agak gimana gitu,2026-02-17 17:45:03,Praise & Gratitude
amelia meitha,2,parah banget udah 2 hari gabisa baca komentar gimanasi tolonglah diperbaiki,2026-02-17 17:44:38,Feature Complaint/Request
Toto Daryanto,5,Seru kalo lagi mager,2026-02-17 17:42:28,Performance Issue
Erick cihuy,1,aplikasi pemberat memori hp,2026-02-17 17:41:41,Performance Issue
disty,1,di akun gw nggk ada event potong harga...dah berapa kali liat akun temen ada huh,2026-02-17 17:40:36,Account Issue
Ponima jepara,5,tiktok memang bagus,2026-02-17 17:40:26,Praise & Gratitude
Kasino Adi Kasino adi,1,aplikasi nya bagus tapi saya saranin buat bisa menghapus posting ulang,2026-02-17 17:36:23,Praise & Gratitude
Ilham mp,1,ga serus sekarang tiktok potonganya sadis cuman beberapa perak doang dasar pelit,2026-02-17 17:34:14,Praise & Gratitude
Raya Zakia,5,"tiktok lite bagus tapi tolong beri ""live"" tapi dari folowers 50 tolong..",2026-02-17 17:28:31,Praise & Gratitude
Wayan Srianti,5,aku suka sekali,2026-02-17 17:27:40,Praise & Gratitude
Ahmad Al madani,5,mantap sekali followers saya sudah banyak,2026-02-17 17:25:45,Praise & Gratitude
Pintor Hutabarat,5,bagus banget,2026-02-17 17:25:11,Praise & Gratitude
Fina Agustina,1,"tiktok shop nya tidak muncul, sudah install ulang dan hapus change ttep gak muncul tiktok shop ny, gak ada solusi lain dari cs nya",2026-02-17 17:24:50,Feature Complaint/Request
Rizal Mahendra,1,akun tiba tiba ditangguhkan,2026-02-17 17:22:17,Account Issue
Tuti Sumyati,1,"knpa gaada tktk shop, trus gbisa msuk dftar, trus loading dari tdi,pdhal internet ada tpi tulisan nya tida ada jaringan internet, gmna yaa ini",2026-02-17 17:22:14,Performance Issue
Imawi Babe,5,Sangat bagus aku suka aplikasi ini,2026-02-17 17:21:53,Praise & Gratitude
Citra,5,tiktok kamu banyak kenangan dari aku kenal kamu sekarang aku udah gk bisa nge download kamu lagi karena kamu udah gk berfungsi lagi di perangkatku,2026-02-17 17:19:35,Performance Issue
Natasya Rusmana,5,adain potongan harga plis di tiktok aku,2026-02-17 17:18:11,Monetization/Earning
Sinta,5,bagus sekali,2026-02-17 17:15:34,Praise & Gratitude
Goodday Susu,5,kerja bagus,2026-02-17 17:15:34,Praise & Gratitude
Antonio Riveldi,5,mantap,2026-02-17 17:14:34,Praise & Gratitude
Marsya aulia Putri,4,komen nya gabisa di buka loading terus gabisa pake wifi padahal jaringan lancar hrus pake kuata tolong min solusinya,2026-02-17 17:14:31,Performance Issue
Putri Aisyah,5,sukaa bgt ni app,2026-02-17 17:13:34,Praise & Gratitude
Dzakira Tunisa guntara,4,"bagus,tapi kadang nge bug anying",2026-02-17 17:12:52,Technical Bug/Crash
Abdi Adam,5,seru,2026-02-17 17:12:23,Praise & Gratitude
Azkia Cantik,1,"wifi saya normal,knp kagak bisa njir gatau benci aja sama aplikasi ini minta solusi tetep aja gabisa tuh solusinya kaya gabeguna gitu benci",2026-02-17 17:11:31,Account Issue
Jacko Seran bria,4,bagus tapi aku baru update terus baru main 1 hari update lagi tolong ini kenapa sih,2026-02-17 17:09:41,Performance Issue
Nur Fahmi,5,bagussss,2026-02-17 17:04:48,Praise & Gratitude
Ardi Listiono,1,entah kenapa ada bug nya pas di pake nonton vidio (bukan nonton live) pas keluar apk masih ada suaranya jadi gua harus hapus terus download lagi dan yang bikin kaget apk bisa makan hampir 2gb an ram pantes hp gua yang biasanya lancar jadi lemot dan entah kenapa banyak user yang suka ragebait di tambah lagi banyak konten² gk berkualitas bertebaran dimana² jadi kesel sendiri pas buka tiktok tapi ya gimana lagi gk buka tiktok gabut buka tiktok malah kesel sendiri,2026-02-17 17:04:18,Technical Bug/Crash
Yusep K,2,"bagus sih menghibur, mles nya , koin jdi mahal,trus bnyak potongan² GK jlas . dah lah",2026-02-17 17:03:33,Monetization/Earning
Sukirno Kirno,5,saya sangat senang,2026-02-17 17:03:14,Praise & Gratitude
Demmar Syam,5,mantap,2026-02-17 16:58:17,Praise & Gratitude
akun ml,1,tolonglaaaa aku gakuat liat fyp nyaa apaa gabisaa diganti sama video yang lucuu lcu kaya kucing masuk parit atau apalah jgn org bucin aja ya plis🙏🙏🙏,2026-02-17 16:56:18,Account Issue
Sp Rano,4,"tiktok punya saya tidaka ada potongan harga nya seperti orang' lain,udah di fresh tapi tetep ga muncul",2026-02-17 16:54:18,Monetization/Earning
putriayu,4,sediakan fitur hapus posting ulang yg simple dan bisa kehapus semua dongg,2026-02-17 16:53:00,Feature Complaint/Request
Ahnaf Pratama,1,min tolong ya kenapa HP ku pas nonton masi ada suara saun dari tik tok ya gk bisa ilang suaranya mohon perbaiki,2026-02-17 16:52:57,General Request/Complaint
Amelia Lia,3,"tiktok ini udah bagus,tapi kadang suka bug,tiba tiba keluar sendiri terus kalo mau login lama banget, tolong perbaiki ya",2026-02-17 16:52:11,Technical Bug/Crash
Muhammad Azka,5,seru dan menyenangkan,2026-02-17 16:51:04,Praise & Gratitude
Wulan Lestari,1,"kok saya buka komentar tik tok tidak ada koneksi internet,padahal internet saya nyala dan lancar kalau buka aplikasi lain,tolong perbaiki",2026-02-17 16:50:20,Feature Complaint/Request
Modinner Modinner,3,aku kurang suka karna ada orang jahat banyak di situ aku pernah di hujat jdi aku malas sama tiktok,2026-02-17 16:49:43,Praise & Gratitude
Gefani Aurelia,5,"baguss banget, untuk nonton hal' yang kreatif",2026-02-17 16:49:29,Praise & Gratitude
Revi Revialvarizi,5,tiktok ku kok gak ada tiktok shop nya dan gak bisa posting ulang,2026-02-17 16:47:41,Feature Complaint/Request
Nadine Zylena Tarigan,1,rate bintang 1 fyp nya gaasik dah gt ke send ke my friend JD GUE MALU ANJAII GA RECOMEND NI APP,2026-02-17 16:45:31,Praise & Gratitude
Zidan Cahya Saputra,4,"ini tiktok ku kok ga bisa pencet ""oke"" pas mau ganti pp.mana loading nya lama lagi. tolong perbaiki masalah ku ini. tambahan : video yg ku buat malah ga bisa di hapus atau nge aktifin komentar",2026-02-17 16:45:01,Performance Issue
Nafishanur Zihan,5,"jadi males main tt lelet banyak peraturan nya lemot kalo nontonlive gk bisa liat gambar nya , kalo mau ft vd dll dari kamera tt gk bisa gk ada gambar nya . jadi tolong perbaiki lagi",2026-02-17 16:38:18,Performance Issue
rá_mogu,2,"sbnrnya bgus"" aja cmn tiba"" nglag mlu ajg",2026-02-17 16:34:20,Performance Issue
Winda Lestari,5,saya sangat suka dengan aplikasi tiktok,2026-02-17 16:33:45,Praise & Gratitude
FRENKY FRENKY,5,aku tidak suka saat menginstal nya lama sekali tetapi tetap saya kasih bintang 5,2026-02-17 16:32:29,Praise & Gratitude
Karisma Rahmania,2,"ini aku mau nonton live gabisa jir, kaya nge delay tapi udah di tunggu lama banget tetep aja gabisa muncul gerakan/suara gitu, masuk live nya bisa cuma ya itu ga ada gerakan/suara kaya ngedelay jadinya bikin bt parah.",2026-02-17 16:32:07,Account Issue
Barokah okah Barokah okah,3,aplikasi nya lelet dan sering keluar tanpa sebab coba lah diperbaiki lagi,2026-02-17 16:31:19,Performance Issue
vaniyawidia531,3,"post vidio/foto selalu stuck di 30,95 jadi ga ke upload dan harus un instal dulu apk nya!! makin di update jadi banyak yang ga guna.",2026-02-17 16:30:16,Feature Complaint/Request
Na'im Mubarok,5,mantap,2026-02-17 16:25:47,Praise & Gratitude
Nur Aini,2,makin k sni makin gk jls amt sih chat biasa aja smpe gk bsa trkirim tolongg d prbaiki lah gk asyikk bngt chattingan biasa aja smpe ke detaik gk jls gtu trkcuali ada bhs jrok bru tuh pelanggarn🤦‍♀️🤦‍♀️,2026-02-17 16:23:24,General Request/Complaint
Budi Anto,5,Kalau update agak lama app nya kepakek sih tapi suka ngelag gitu,2026-02-17 16:22:26,Performance Issue
Fahmifaqihfaris,1,terlalu banyak up date... bikin akun tidak stabil...ku kasih bintang 1,2026-02-17 16:22:11,Account Issue
Mukmin,5,begitu banyak video yg seru dan menarik buat di tonton,2026-02-17 16:20:42,Praise & Gratitude
Diki Zulkarnaen,5,"aplikasinya sangat bagus, cocok untuk bikin konten. terimakasih tiktok",2026-02-17 16:18:21,Praise & Gratitude
MAV RIZ,5,"jaringan gangguan di tiktok, aku buka aplikasi youtube bagus lancar aja tolong gimana ini",2026-02-17 16:16:22,Praise & Gratitude
Naila Afika Rahma,4,"Bgs, tpi nge lag bgt, trs jg ad bug ga bisa liat komen, ngeselin bgt",2026-02-17 16:15:56,Technical Bug/Crash
Muhamad Ali,5,Mantap,2026-02-17 16:14:29,Praise & Gratitude
Aan san jaya,1,kenpa akun saya di blokir salama nya dan ini tidak bagusss aplikasi yang tidak membuat saya puas,2026-02-17 16:13:48,Account Issue
Arka Akbatr,5,bagus banget,2026-02-17 16:12:28,Praise & Gratitude
Hasbi Ganteng,1,Leg terus padahal sinyal bagus,2026-02-17 16:07:57,Praise & Gratitude
Karan Ranzzjr,5,apk nya bagus karna bisa banyak buat akun,2026-02-17 16:07:49,Account Issue
Gordon Armstrong,2,tik tok ku kok ngbug kok ngleg si padahal jaringan bagus lo? gimana ni tiktok,2026-02-17 16:07:27,Technical Bug/Crash
Abyasa Prasetyo,1,"kenapa ada batas usia sihhh, lagian gw gk ngapa ngapain cuks",2026-02-17 16:06:07,Performance Issue
Aljihad,5,karna banyak orang yang tidak bisa di download secara gratis melalui akun Twitternya ini juga akan saya bahas,2026-02-17 16:06:00,Account Issue
Saputra Saputra,4,Bug sering terjadi sperti fitur yang hilang lah dan lain lain sama berat dan ngeleg tapi gw kasih 4 bintang karena udah nemenin Hari hari gw setiap hari walaupun ada konten yang lumayan menjijikan dan melanggar aturan,2026-02-17 16:03:46,Technical Bug/Crash
Akhdan Hiliar,1,"saya direkomendasikan barang barang aneh di tik tok shop, aneh nya saat saya memberi tanggapan ke rekomendasi nya masih muncul terus min... dan setelah saya menginstal dan uninstall aplikasi nya masih muncul aja barang barang aneh itu. gimana ini woi!!!",2026-02-17 15:51:24,Feature Complaint/Request
Syaf Syaf,5,"setiap hari dan dimanapun aku selalu sroll tiktok di HP ku, kayak menurutku aplikasi utama di HP ku itu tiktok kayak seru aja gitu maininnya",2026-02-17 15:51:19,Praise & Gratitude
Meilinda Bratajaya,1,akun saya kena pelanggaran panduan komunikasi,2026-02-17 15:49:34,Account Issue
Tzy Team,5,bagus seng ngomong jelek hamaaa,2026-02-17 15:49:15,Praise & Gratitude
Melsa Rosmayani,5,bagus bgtt,2026-02-17 15:45:32,Praise & Gratitude
Fitri Anggita,3,"apaann bgt ini gabisa dibuat login akun krna jaringannya yang ga stabil padahal wifi lancar"" aja dipake scroll sosmed sebelah juga aman aja kenapa yaa mohon bntuannya udah di uninstall trs download lagi smpk hp aku muat ulang tetep aja",2026-02-17 15:44:49,Account Issue
Sunarti Nia,1,kurang bagus,2026-02-17 15:43:15,Praise & Gratitude
Nurgita Tjan,1,"ngeselin banget si bikin mood nonton ilang deh ahhhh, orng lagi nonton tiba¹ masuk tiktok, maksudnya apa ya? tolong di perbaiki ya🤬",2026-02-17 15:43:04,Account Issue
Abdurrahman,4,bagus cuman kadang suka tiba tiba keluar dan gak tau kenapa padahal jaringannya bagus loh tapi ngelek bgt,2026-02-17 15:40:47,Praise & Gratitude
azka aldricsyam,1,dasar tiktok tolol aku coba Al aja gak bisa maunya apasih tiktok jelek ini,2026-02-17 15:38:08,General Request/Complaint
Sahrim Lubis,5,Sangat bagus,2026-02-17 15:37:57,Praise & Gratitude
beril beril,5,mantap,2026-02-17 15:33:02,Praise & Gratitude
Sutrisno Tris,1,pas mau buat Velocity terus pas mau di edit malah kelap kelip terus lagunya sama aku nya malah duluan lagunya padahal pas Velocity pas banget eh malah pas di edet kayak gitu kecewa banget,2026-02-17 15:32:28,Performance Issue
adam evander,1,kena pembatasan umur terus udah aju banding di acc hari berikutnya kena lagi GK konsisten harusnya klu udah feriv jngn kena pembatasan usia Mulu cape aku banding di acc diban di acc diban gjls,2026-02-17 15:32:12,Performance Issue
Nesa Fasha,1,"suka greget, abis di banned gegara katanya di bawah umur padahal uda cukup umur.",2026-02-17 15:31:36,Account Issue
Aliya Khusna,1,APLIKASI BERMASALAH BENERIN DULU SANA,2026-02-17 15:28:40,Account Issue
Ujang Ruhimat,2,udah mah mb an nya gede sering bug sama suka gak ada fitur potongan harga udah beberapa kali update juga,2026-02-17 15:20:48,Technical Bug/Crash
rosa rosmalina,2,"tiktok aku sekarang ngebug parah pls, udh gabisa login, buka komen dll, keteranganya karena gada internet padahal wifi lancar banget. mohon diperbaiki pls..",2026-02-17 15:20:44,Technical Bug/Crash
Resya Jusan,1,"jelek bgt kdng suka ngebug, saya mau upload foto geser malah video,mana gk ada cara buat dia jadi foto geser",2026-02-17 15:19:39,Technical Bug/Crash
talita ag,5,bagus,2026-02-17 15:15:17,Praise & Gratitude
Dewi azzara,2,menurut aku tiktok makin lama diupdet sering bug leg memakan ruang penyimpanan sebesar 1 GB apalgi ram andro yg kecil dibwh 4,2026-02-17 15:14:52,Technical Bug/Crash
Siti Nursuadah,4,kenapa sih akun aku harus di blokir padahal follower nya udah banyak yang like nya udah rebuan kenapa harus di blokkkkkk,2026-02-17 15:07:09,Account Issue
m. rizki,5,sangat asik,2026-02-17 15:02:18,Praise & Gratitude
Gisa Ani,4,seru,2026-02-17 15:02:01,Praise & Gratitude
SENIADY adi,4,"Loading atau membuka aplikasi terlalu lama.?,",2026-02-17 15:01:07,Performance Issue
Putri Alyaa,1,MAKIN GAJELAS AJA NI APK,2026-02-17 15:00:41,General Request/Complaint
ketuamafia_ 23,1,"perbaiki lagi dungs maaf,mulai dari vidio suka brnti brnti terus terus duka balik ke layar terus ...bug atau gmn...terus kalo nonton live suka ada bug juga..perbaiki dong.ini mh ccok buat bntg satu jink😹😹",2026-02-17 14:52:08,Technical Bug/Crash
fatimah azzahra,5,apk sangat bagusss tapi agak bag,2026-02-17 14:49:09,Praise & Gratitude
guntur putra,5,Mantappp ....terbaik...tambah kan lagi filter nya🤣👍🙏,2026-02-17 14:48:52,Performance Issue
Enda maulana Enda,2,karna akun gua di PL gua kasi bintang 2baja kecuali di balikin akun gua baru gua kasi bintang 5,2026-02-17 14:45:28,Account Issue
didik hariyanto,3,event potong harga udah 100% kok ga bsa di CO sih ... udah capek share ga bsa di CO,2026-02-17 14:37:40,Monetization/Earning
Rhoby Saprudin,1,APK SAMPAH,2026-02-17 14:37:23,General Request/Complaint
Sal biie,2,gajelas ini gada potongan harga diakun guaaaaa,2026-02-17 14:34:47,Account Issue
Okta Via,5,suka banget sama aplikasi satu inii,2026-02-17 14:30:08,Praise & Gratitude
Novi12 Novi,4,suka bgt aku mau jadi konten kreator di follow ya namanya najwardas okey bby,2026-02-17 14:29:38,Praise & Gratitude
sugiarto,5,tiktok sangat seru,2026-02-17 14:28:37,Praise & Gratitude
Sahrul Yarfah,5,seruu di tonton,2026-02-17 14:28:09,Praise & Gratitude
Apip Firahmanda,1,"tiktok monyet masa iya nge lag sinyalnya,gabisa buka komen sama segala macem",2026-02-17 14:25:08,Performance Issue
Silvia Nica,4,tiktok aplikasi yang selalu ada di setiap henpon itupun mungkin tapi kalau aku bikin akun tuh selalu kena Ben,2026-02-17 14:24:01,Account Issue
Aldi Setiawan,4,aku suka sekali dengan tiktok,2026-02-17 14:23:30,Praise & Gratitude
Meitha Rahmayanti,3,"apk nya sekarang ngeleg bgt, padahal jaringan bagus tapi tiap buka tiktok gaada jaringan terus, udah di hapus cache juga masih tetep kaya gitu, buka komenan ga bisa, buka postingan temen juga gabisa, ngeleg parahhh!!!",2026-02-17 14:23:15,Performance Issue
Rikyadtama Rikyadtama,1,tidak bisa dipakai lagi,2026-02-17 14:22:51,Performance Issue
Angga Pamungkas Edu,2,"tiktok video kenapa tidak compatible LG dg hp saya sebelumnya lancar"" saja mau di-update TDK muncul updatenya mohon admin apk tiktok utk memperbaiki ini",2026-02-17 14:20:34,Feature Complaint/Request
Tasya Amelia,4,"kenapa di aku nggak ada tulisan potongan harga, padahal udah update+menjalankan perintah agar bisa membuka nya",2026-02-17 14:20:31,Feature Complaint/Request
Indipriyanto,1,"tiktok stres gw komen biasa aja juga malah kena batasan komen katanya spam, 3 akun gw kena pembatasan anjirlah , jadi kaga bisa komen semuanya",2026-02-17 14:19:47,Account Issue
yessica nazivalia,3,di saya kok gaada fitur potongan harga ya min,2026-02-17 14:19:28,Feature Complaint/Request
Saindah Indah,5,aku suka banget tiktok karna aku bisa jualan di tiktok vidio- shop daftar jadi affiliate dapet komisi pokok nya keren,2026-02-17 14:18:50,Account Issue
Hasan Aqil,1,kok GK ada keranjang kuning,2026-02-17 14:16:33,Feature Complaint/Request
Atang Suryana,5,Bagus banget,2026-02-17 14:16:22,Praise & Gratitude
Antoni,5,bagus,2026-02-17 14:15:02,Praise & Gratitude
Erni 15,5,"bagus juga aplikasi ini,,,, saya suka,,,,,bisa ber sosialisasi bersama orang,,,,,saya kasih 5 bintang,,, ayo main tiktok,,,👍",2026-02-17 14:13:14,Praise & Gratitude
Tangguh Xavi,5,bagi developer tiktok tolong tambahkan fitur seperti yutub seperti melihat video lawas jadi ga usah susah2 scroll dan fitur itu bisa buat liat konten lama dari seorang creator atau video yang kita like/favorit atau posting ulang semoga dibaca dan ditambah fiturnya biar bisa liat video kenang2 ngan,2026-02-17 14:11:21,Feature Complaint/Request
Sri Handayani,5,saya suka sekali banyak tontonan yang lucu dan menarik dan tidak ada iklan,2026-02-17 14:04:05,Praise & Gratitude
Baran Pradipta6,1,karna ngeblokir akun saya,2026-02-17 14:01:26,Account Issue
Konterjawa 2025,5,seru banget,2026-02-17 14:01:16,Praise & Gratitude
LupitaRm,5,"udh bagus si tapi knp tiap event potong harga gaada trs di akunku, pdhl persyaratannya juga udh dipenuhi",2026-02-17 13:59:21,Account Issue
Cristabel Sembiring,2,"I hope you don't get too sensitive and if possible, please return my account, my name is lovingfall larna, that account is very important for me and I hope in the future it will be sensitive and there will be no bugs",2026-02-17 13:59:06,Technical Bug/Crash
wahyu Adi Nugroho,5,"Tiktok keren banget, banyak hal baru serta kesempatan untuk selalu berkembang baik dari segi kreatifitas maupun layanan, bagi yang sudah stay maupun yang baru in, saya rasa sangat mudah untuk penggunaan fitur-fiturnya.",2026-02-17 13:56:25,Feature Complaint/Request
Rakean Dewa,1,BALIKIN AKUN GUAH MIMIN!! PLIS PLIS😭😭😭,2026-02-17 13:54:26,Account Issue
adit nanas,1,ga di kasi potongan harga,2026-02-17 13:53:47,Monetization/Earning
Lia Fatimah,5,bagus,2026-02-17 13:53:09,Praise & Gratitude
Herman,5,bagus banget,2026-02-17 13:52:00,Praise & Gratitude
Ayundha Awindha Aprilia,1,"honestly aku udah pake tiktok lama bgt, dan ya bagus bagus aja, but ini kok pas aku download ulang akun ku literally chatnya ilang semua? dan tampilannya malah kyk tiktok lite padahal download nya tiktok biasa. dan pas sebelum aku download ulang itu akun ku malah gabisa buka komentar di setiap video manapun dan aku gabisa pindah akun. katanya gara gara masalah internet tapi internet ku aman aman aja dan anggota keluarga ku juga bisa bisa aja tuh internetnya. gimana sih ini tiktok gajelas bgt dh.",2026-02-17 13:49:04,Account Issue
kopra Kopra,4,kenapa masuk di tik tok lama sekali,2026-02-17 13:42:05,Account Issue
Nawaf hasby hilmi Hilmi,4,bagus tapi live saya di ilang in kenapa nya,2026-02-17 13:41:54,Praise & Gratitude
Andri Krisnar,3,"tolong hilangkan bug saat memakai filter ny ya, layar ny menjadi itam, muka saya juga jdi hitam, itu sngt membuat saya tidak nyaman.",2026-02-17 13:40:45,Technical Bug/Crash
Baskon,5,5 bintang ijin masuk klu bgus,2026-02-17 13:40:05,Account Issue
chikaaprianti Chika,1,d aku ko gak ada keranjang nya d perbaharui susha,2026-02-17 13:36:39,Feature Complaint/Request
iffa astila rahma,5,bagus,2026-02-17 13:34:07,Praise & Gratitude
Riski Raditia paratama,5,mantap,2026-02-17 13:33:34,Praise & Gratitude
FOURTEEN 14,1,"jangan di download, mau buat video aja malah diisukan vidio kita padahal gak ada sama sekali unsur gak cipta",2026-02-17 13:32:41,Praise & Gratitude
Siti muslikah Ikha,5,"halo kak, kenapa tiktok shop GK ada ya",2026-02-17 13:31:56,Feature Complaint/Request
Astri Neng,5,Bagus,2026-02-17 13:30:23,Praise & Gratitude
Salsa Putri,5,baus baguss bangett bangett udah makek apk ini dari THN 2019,2026-02-17 13:28:30,Praise & Gratitude
Mulida,5,aku senang karena ada tiktok,2026-02-17 13:28:02,Praise & Gratitude
Fann the kidss,1,makin kesini makin sering ngebug sumpah,2026-02-17 13:26:56,Technical Bug/Crash
Asfa Syabani,3,"teruntuk developer nya tolong dong ini tiktoknya bawa GB banget, pantesan aja hp ku makin lag di pake, ternyata tiktok yg bikin hp ku jdi lag perbaiki lagi pliss🙏💗💗",2026-02-17 13:26:26,Performance Issue
Talita Tata,5,ini aplikasi bagus tapi lemot,2026-02-17 13:26:25,Performance Issue
John Produce Empat,4,terjadi error pada map lacak paket.. mohon segera di perbaiki,2026-02-17 13:26:21,Technical Bug/Crash
mutiii,5,Alhamdulillah sudah kembali akun saya.,2026-02-17 13:26:04,Account Issue
Raziq Wensyahputra,1,tiba tiba ga bisa scroll wifi lancar memori ga penuh ram 8 ga tau napa gj heg ga ada,2026-02-17 13:25:41,Feature Complaint/Request
Faiza Alya,1,lagi dan lagi gw masuk ke akun lama gue/buat akun baru gw balik lagiiiiiiiiiii jadi gak punya akun.Woyy gimana ini😡😠😠,2026-02-17 13:22:55,Account Issue
Ratih Triwulanndari,5,Kusuka Tiktok 😍😍,2026-02-17 13:22:00,Praise & Gratitude
Wiwi supriatin Wiwi,2,ngebug jaringan padahal jaringan cepet malah ngebug jaringan aneh gimana mau laporin masalah orang ngebug jaringan,2026-02-17 13:20:07,Technical Bug/Crash
Hilton Samosir,2,kenapa akun tiktok saya rusak ga bisa ambil gody bag lagi atau zonk mulu pdhl beberapa hari lalu tidak begitu,2026-02-17 13:18:36,Account Issue
Dea,5,bagus,2026-02-17 13:18:19,Praise & Gratitude
Nanas Agustina,5,"kenapa nggk bisa buka komen,, udh dari kemarin komenan nggk bisa dibuka, nggk bisa follow,, nggk bisa buka video kiriman,, chace udh dihapus,udh log out log in, udh download ulang,udh restart hp, tetep nggk bisa juga, tolong......",2026-02-17 13:18:15,Feature Complaint/Request
Fhandra Aqzardila,5,suka banget maen nya tapi kadang suka ngelag tapi tetap bagus kok,2026-02-17 13:11:34,Performance Issue
Sembarang Sembarang,1,kenapa saya tidak diizinkan mengikuti event tiktok Rp 100 perak?,2026-02-17 13:09:27,Monetization/Earning
Shahril Ade,2,huhuhhh gimana sih tiktok kan aku mau bikin akun ya di suruh masukin tanggal lahir nah pas udah kok ga bisa padahal dah benar dan saya coba ngasal tapi tetep aja ga bisa 😡,2026-02-17 13:06:34,Account Issue
M Pulungan,2,gak ada bagus2 nya,2026-02-17 13:06:24,Praise & Gratitude
Akil 2010,5,belum dapat event potongan harga,2026-02-17 12:59:54,Monetization/Earning
Cristian Karianto,4,"sebenarnya sudah bagus tapi tolong ditambahkan fitur untuk mengedit,seperti kunci kroma&splice,dan jika ada bug tolong dihapus🤞",2026-02-17 12:52:42,Technical Bug/Crash
M khoiru Solihin,5,hai pengguna tik tok aku suka tik tok,2026-02-17 12:51:31,Praise & Gratitude
Lamoanak 95,5,aplikasinya bagus buat hiburan untuk menghilangkan rasa cape.,2026-02-17 12:50:10,Praise & Gratitude
Om Hamim,5,BaGus,2026-02-17 12:49:41,Praise & Gratitude
Zahra Oktora,3,agak gak suka sama tiktok akun aku udah lebih dari 13 diblokir,2026-02-17 12:48:40,Account Issue
Wahyuni 14,5,"cinta banget gue sama ni aplikasi, semoga yang bikin aplikasi ini masuk surga, i love uu",2026-02-17 12:48:10,Account Issue
Jumria Ria,4,bagus banget,2026-02-17 12:47:58,Praise & Gratitude
kalila sabrina,1,"Hai, aku kan mw verifikasi umur, nh aku di atas 16 pas aku verifikasi biar bisa chatan, ak udah photo segala macam tapi tetep aja ga bisa, udh nunggu 2mnt ttp ga bisa, aku harus gimana yaa? tolong dong jangan di buat susah...",2026-02-17 12:47:11,Account Issue
Elzahra Channel,4,"aplikasi ini bagus tapiii... kalo aku mau buka tik tok gk bisa cuma ada logo nya vidio nya gak ada dan suka keluar sendiri padahal koneksi berjalan lancar,tolong diperbaiki ya",2026-02-17 12:46:32,Technical Bug/Crash
Maisie Nadifa,1,"tolong lah bug nya diperbaiki, masa kalo aku balesin komen temenku tuh ternyata komennya ga muncul? padahal di akun sendiri itu ada loh..gajelas ah",2026-02-17 12:45:57,Technical Bug/Crash
Abdul Mui'z,4,bagus buat nyantai,2026-02-17 12:45:55,Praise & Gratitude
OWELL RESEE,1,makin jelek,2026-02-17 12:42:34,General Request/Complaint
Subwaysubr Jokobah,1,"lah kok fitur download videonya jadi 200, kemana download 400 video nya, tolong lah tambahin sampai 1000 video kek tapi untuk sebulan gitu, kemaren udah bagus loh ada, nanti kalau udah muncul lagi 400 videonya baru kasi bintang lima lagi",2026-02-17 12:42:34,Performance Issue
Sri Hartati,2,tiktok aku gak bisa di buka gatau kenapa padahal udah ku uninstall trs ku download lagi tapi masih tetep gak bisa,2026-02-17 12:41:51,Performance Issue
Fezilla Audina,5,aplikasi nya seru cuman kalo gak ad paket tolong bisa di pakek donnngggg,2026-02-17 12:41:02,Praise & Gratitude
Asep Arif,5,tidak ada even diskon tiktok shop nya,2026-02-17 12:39:25,Feature Complaint/Request
Khanza Ainun,1,"sebel bgt tiktok error terus, tiktok shop & pesan & streak aku ilang semua karna habis di update :c",2026-02-17 12:38:49,Technical Bug/Crash
mell lalaala,1,"benci,ada batasan usia.",2026-02-17 12:38:28,Account Issue
Nazwa Nasifa,5,bagus anjaii,2026-02-17 12:36:02,Praise & Gratitude
Siti Lutpiah,4,"bagus banget tapi kenapa tidak bisa foto tata letak ga fake filter tolong perbaiki, hp yang lain bisa",2026-02-17 12:33:36,Praise & Gratitude
Lyla Adit,4,niku akun ku loh diben kale azhar,2026-02-17 12:32:18,Account Issue
Dila Cyntia,5,bagus bangat,2026-02-17 12:31:23,Praise & Gratitude
Arya Ramdhansyah,1,lah kok aku gak ada pet strike nya padahal udah sering update,2026-02-17 12:30:42,Feature Complaint/Request
Rezky Alfatih,3,"terlalu banyak menguras data internet, walupun aplikasi nya bagus",2026-02-17 12:30:33,Praise & Gratitude
Galuh Wilujeng 2311,3,"suka ngebug +ngeleg, terus ga bisa buka komentar tolong di perbaiki lgi uyh",2026-02-17 12:30:01,Technical Bug/Crash
Ini Orang,1,woii apk lu suka eror kalo mau di buka,2026-02-17 12:29:06,Praise & Gratitude
Vesya Salsa,2,"awal' tt nya bagus, ngga ada kendala, tp kemarin aku baru dpt kendala, kenapa tt ku ngga bisa buka komen, ngga bisa nge like vid yg ada, dll, tp buat ngescroll lancar bgt. tt ku kayak gitu pas aku pake wifi rumah doang, pas pake kuota semua bisa. wifi rumah lancar kok, hp adekku aja bisa buat komen sama like, tp kenapa dihp ku ngga bisa?. aku udh mulai ulang hp ku 2 kali, udh nyopot wifi rumah trus aku pasang lagi, tp tetep aja ngga bisa. tolong dibenerin",2026-02-17 12:27:42,Account Issue
zahra arsyifa21,1,"tiktok nya gabisa buka komen, mau like video aja gabisa apalagi liat akun sendiri, susah jadinya liat video, jadi jelek bgt tolong tiktok jangan ngebug lama lama la, susah gabisa liat apa apa di tiktok.",2026-02-17 12:26:06,Technical Bug/Crash
Elvano Reza,1,hadeh ada lagi aja sekarang gabisa buka komentar karna jaringan padahal di aplikasi lain bisa disini doang gabisa makanya jangan banyak update yang gak penting ngapasi nyusahin org,2026-02-17 12:19:34,Performance Issue
Marshapebrian Sopyan,1,"tiktok ihh aku gak ada potongan harga nya😭😭, tiktok pilihhh kasihh orang orangg adaaa aku gak ada bencii😭",2026-02-17 12:18:21,Account Issue
Siti Susanti,1,saya tidak pernah mendaftarkan event apapun dari TikTok,2026-02-17 12:18:04,Account Issue
ARBI ANJAY•βαβI,5,bagus sekali tidak hanya vidio tetapi tik tok ini bisa belanja,2026-02-17 12:16:29,Praise & Gratitude
Hasif Kayana,5,bagus!,2026-02-17 12:14:23,Praise & Gratitude
Widiawati iwit,1,jelek 🤬👎👎👎👎👎,2026-02-17 12:14:04,General Request/Complaint
Juragan Sol,3,kumaha sih tiktok teh te bisa buka komen nga loading wae padahal make wifi te lemot wifi na kmha sih ku urg engges dihapus trs di download dei kadon siga tiktok lite lain tiktok biasa kmha sih sing benerken hela ih,2026-02-17 12:13:48,Account Issue
Taufan Pradenata,1,"tolong, setelah diupdate fitur tiktokshop kok hilang dan tidak bisa diakses. tolong dipulihkan lagi wahai tiktok. saya selaku user tiktok cukup resah dengan kejadian ini, tolong kembalikan fitur tiktokshop seperti semula agar bisa diakses kembali",2026-02-17 12:10:28,Performance Issue
Fahmi aqws,1,kenapa event potong tiba tiba hilang? padahal tadi pagi masih ada progres nya udah 25 persen lho,2026-02-17 12:10:20,Monetization/Earning
Menara Paris,5,"tiktok kenapa kamu blok akun saya pliss buka blok nya tiktok saya selalu liat tiktok tapi percuma saya selalu liat tiktok karna kamu blok akun aku aku suka tiktok walaupun tiktok udah blok akun aku, aku tetap kasih bintang 5 itu aja yang aku sampaikan tiktok, i love tiktok",2026-02-17 12:09:08,Account Issue
ASSALAMUALAIKUM,5,bisa menghasilkan uang dari menonton,2026-02-17 12:09:00,Monetization/Earning
Hisma Alipo,5,mantap,2026-02-17 12:06:49,Praise & Gratitude
Aufar Arsakha,1,blokir video porno,2026-02-17 12:04:33,Account Issue
third child,4,"ini knp ga bisa discroll di bagian ""saran""",2026-02-17 12:04:15,Feature Complaint/Request
Septimu'a Fida,5,kak tik tok ku tidak ada tik tok shop ya,2026-02-17 12:03:43,Feature Complaint/Request
Feri Al gofari,5,bagus banget,2026-02-17 12:00:20,Praise & Gratitude
Panji,5,bagus saya suka,2026-02-17 12:00:08,Praise & Gratitude
FZ FK,1,"halo tiktok sudah berulang saya infokan akun saya gak bisa menemukan promo yang disebutkan, padahal sudah klik tag lokasi.",2026-02-17 11:58:40,Account Issue
Syarifah Rahima,5,"SENGAJA SAYA KASIH RANTING SEGITU BIAR DI BACA,TIK TOK MAKIN KE SINI ISIAN GA JELAS JELAS,BISA BISANNYA VIDEO VULGAR ORANG DEWASA LULUS DI TIK TOK, SUMPAH TOLONG ISI TIK TOK DENGAN ISIAN YG BERMUTU, TOLONG DI BACA, MOHON PERBAIKAN NYA,INI UNTUK WASPADA ANAK""YG TIDAK SENGAJA MELIHAT SEPERTI ITU, TOLONG TIK TOK BLOK VIDEO VIDEO SEPERTI ITU SAYA MOHON KEDEPAN KK LEBIH DI PERHATIKAN LAGI",2026-02-17 11:58:31,Performance Issue
Kazey turki 1,1,SUMPAH YA MKST LU APAAN SIH NGADAIN EVENT UDAH NGEMIS SANA SINI BUAT TAP LINK MANA DISPAM PERAK. PAS UDAH 80% MALAH ILANG FITURNYA ASTAGAAAAAA,2026-02-17 11:58:05,Feature Complaint/Request
Ulfa Ulfa azizah,3,tiktok sangat menyerukan akan tetapi tiktokini bisa di blokir oleh orang,2026-02-17 11:56:26,Account Issue
Elis Asifah,1,tiktok kenapa sih!? masa mau buka tiktok stuck di logo tiktoknya?? tolong perbaiki lahh!?,2026-02-17 11:55:26,General Request/Complaint
SMDDEV 21 (susanto),3,min di tiktok nya gaada toko huat belanja,2026-02-17 11:54:56,Feature Complaint/Request
Adhiepraboe,1,"kenapa setiap aku bikin akun dan ngepost vidio itu langsung di blokir?,padahal followwer ku udah banyak banget pilih kasih bet",2026-02-17 11:52:51,Account Issue
Fadilla.imbuinga,1,"aplikasi ini sangat menjengkelkan kalau lagi di pencarian dan keluar, pasti video yg di cari pasti masih terputar di latar belakangnya tolong di lebih baikan lagi",2026-02-17 11:52:11,Performance Issue
Rizky Nurul bahar,5,bagus,2026-02-17 11:50:12,Praise & Gratitude
Restu,4,"halo min, kenapa ya tiktok aku gabisa dibuka komentar nya, pas mau liat komen malah ""tidak ada internet"" atau mau buka apa apa selalu loading terus gabisa repost, padahal internet lancar. padahal liat live sama liat vt juga bisa tapi gabisa liat komen. mohon bantuannya yaa",2026-02-17 11:48:24,Performance Issue
Siti Khotijah,1,"masuknya lama ,loding terus ,males ah ,harus di perbaiki sekarang ya 🙂‍↕️ kalau ga akan ku demo tiktok ‼️",2026-02-17 11:46:50,Account Issue
Tauhid Tauhid,3,"gatau kenapa suka loading mulu, wifi tetap stabil, udh update, udh bersihin gache dan sekalian juga data, tapi hasil sama aja, ini bug atau server yang masalah, tolong balas dan Terima kasih🙏",2026-02-17 11:44:30,Technical Bug/Crash
bila montong,5,sukaa,2026-02-17 11:43:27,Praise & Gratitude
Hana Mulya,5,"berikan saya fitur potongan harga, tempat daya tidak sda",2026-02-17 11:42:44,Feature Complaint/Request
Lhindaa Shukarna,4,kadang suka berat,2026-02-17 11:42:37,Performance Issue
KIPAS,5,kemabalilan akun saya yg lama,2026-02-17 11:36:58,Account Issue
Botbot Bort,5,"bagus, bisa juga digunakan sebagai alat komunikasi jauh",2026-02-17 11:33:11,Praise & Gratitude
Fann4u-!!,1,"ga bisa buka komen, udah coba instal ulang ttep ga bisa, trus ga bisa login juga",2026-02-17 11:33:07,Account Issue
Gavinputra Ahmad,4,aplikasi ini terlalu ngebug tapi bagus banget,2026-02-17 11:32:20,Technical Bug/Crash
Safitri Ajha,3,min kenapa di aku nggaa ada fitur potongan harga nya? tolong munculin fitur potongan harga biar sama kayak yang lain,2026-02-17 11:31:47,Feature Complaint/Request
Dea Maulida putri,1,translate Indonesia: ini kenapa ya banyak banget kerusakan nyaa saya mau login ulang tidak bisa karena banyak profil orang lain jadi abu-abu saya berniat menghapus tiktok lalu pas mau login ulang malah ga bisa pake nomor telepon dan email juga tidak bisaaa.,2026-02-17 11:30:43,Account Issue
Phantom pakai H,1,"akun gua disuruh vertifikasi gara2 kena pembatasan usia tapi pas mau vertifikasi ""kamu tidak dapat melakukan vertifikasi"" how?",2026-02-17 11:28:33,Account Issue
Gen Jiehhh,3,kok ada bug nya saat baca komen GK bisa .,2026-02-17 11:27:57,Technical Bug/Crash
Feni Novitadiyaaa,5,"bagusss bgtt filter baruu nyaa, tapi saya ga bisa update tiktok lagiii",2026-02-17 11:25:00,Performance Issue
Rohani,5,bagus tapi ada yang kurang terhadap foto dan video yang saya upload menjadi buruk. tolong berpaiki lagi dong komunitas tiktok.,2026-02-17 11:23:30,Performance Issue
nurul april,1,"layanan nya kurang memuaskan kan masa setiap satu bulan sekali akun tiktok aku ke blok Mulu sih tolong ya lebih di perbaiki soal nya setiap Akau mau memulihkan aku nggak bisa Mulu malah kembali terus ke beranda,maaf ka sama satu lagih kenapa ya aplikasi nya seperti aplikasi TikTok lite Dan nggak bisa memposting ulang jadi saya mengunduh TikTok yang asli namun tombol tombol nya seperti TikTok lite,mohon di jawab yah ka",2026-02-17 11:21:52,Account Issue
Teguh Santoso,5,apk nya sangat bagus untuk menonton video ataupun foto-foto dengan efek yg kreatif dan keren,2026-02-17 11:21:36,Praise & Gratitude
Saskia Ramadhani,1,"kenapa tiba tiba cuman bisa scroll aja untuk hal lain ga bisa, liat komen ga bisa liat apapun ga bisa, mau laporin masalah tapi ga bisa",2026-02-17 11:18:34,Feature Complaint/Request
Waluyo Noer,5,bagus,2026-02-17 11:15:16,Praise & Gratitude
Feb Anisa,5,aplikasi ny bagus banget tapi ada fitur yang ngga ada dan jika di download ulang ulisannya tipis nggak tebal lagi,2026-02-17 11:15:07,Performance Issue
Wafiq aida sakin,4,kadang sukaaa nge bleng,2026-02-17 11:14:00,Praise & Gratitude
Kris Mundarsih,5,bagus tapi tiba tiba kena pelanggaran,2026-02-17 11:13:46,Praise & Gratitude
Achmad Mudaffar,1,nge bug cuk,2026-02-17 11:11:35,Technical Bug/Crash
ALFAWWAZY Youtuber,5,"Hai 😁 terima kasih ya developer tik tok karena tik tok sudah menemani saya bertahun tahun dengan saya menyaksikan banyak konten yang bermanfaat maupun yang tidak bermanfaat 🤣 tetapi tidak apa apa ya dan pada hari ini sebelum besok nya bakalan memasuki hari pertama puasa, saya memutuskan untuk pensiun dari aplikasi tik tok dan aku sekali lagi berterima kasih karena sudah menghibur aku di mana dan waktu juga dan aku ingin memperkuatkan iman ku dari sekarang dengan giat beribadah goodbye 🥹🙌",2026-02-17 11:09:02,Account Issue
Noval Arkan,2,"maaf, mengapa tiktok selalu lemot? , padahal jaringan stabil",2026-02-17 11:06:09,Performance Issue
Erin Dwiamanda,2,dikarenakan saya akun ya keblokir jadi bingung mau mainan apa,2026-02-17 11:06:09,Account Issue
Rizqii Hikamii,5,bagus bgtt sumpilll 🔥🔥🔥menyala * TIKTOK*,2026-02-17 11:04:48,Praise & Gratitude
Verrana,1,jelek banget,2026-02-17 11:02:16,General Request/Complaint
Zulfa Ainunattaqiyyah,1,Saya menginginkan aplikasinya tidak lemot,2026-02-17 11:02:15,Performance Issue
jamal yasir,5,mantap,2026-02-17 11:00:43,Praise & Gratitude
Sofie Aryanti,1,"Saya terus mendapatkan pesan ""Frekuensi kunjungan terlalu sering"" saat mencoba login. Saya sudah mengikuti instruksi sebelumnya untuk menunggu selama 24 jam tanpa melakukan percobaan login sama sekali, namun masalah ini tetap muncul baik di aplikasi maupun browser. Mohon tinjau akun saya secara manual karena ini tampaknya merupakan kesalahan sistem (bug) pada limit keamanan, bukan karena aktivitas mencurigakan. Saya sangat membutuhkan akses ke akun saya.",2026-02-17 10:59:57,Technical Bug/Crash
Zaskia Salsabila,1,"ternyata banyak jg komplain mslh gabisa dibuka dll dan yg bikin heran lagi, bnyk yg udh komplain dari lama loh kok masih tetep aja gada yg berubah dan gw udh berhari² nungguin perbaikan nya manaa,gada samsek yg berubahh. GA PERNA SEMUAK INI 〒⁠﹏⁠〒",2026-02-17 10:59:36,Performance Issue
Bunga Sekar,5,aplikasi ini sangat bagus sampai ada idola saya muncul dan ada saya juga di tiktok,2026-02-17 10:57:25,Praise & Gratitude
Marwah Sari,1,jelek,2026-02-17 10:54:54,General Request/Complaint
ucup slepet,1,"tolong tiktok, perbaiki ai nya.. saya live nya bener bener tapi kena restrict teruss padahal saya live nya benerr benerr, tolong ya kalau ga bisa jual aja tiktok nya. TOLONG DI BALES.",2026-02-17 10:52:11,Account Issue
Vannes Wong,1,"lemot, hp jd susah di atur",2026-02-17 10:50:34,Performance Issue
lilliieee,2,"kenapa ya tiba tiba ga bisa buka komen, selalu loading kalau gk ya ada tulisan ""coba lagi nanti' padahal jaringan bagus bagus aja, tolong di tanggapi ya min🙏😞",2026-02-17 10:49:58,Performance Issue
Marjoko,5,bisa lebih ditingkatkan lagi,2026-02-17 10:49:34,Performance Issue
Ziva Wenda,1,karna setiap aku membuat akun pasti tidak bisa,2026-02-17 10:47:45,Account Issue
Riska Aja,5,seru bangat cod sma nonton cod pun murah,2026-02-17 10:42:51,Praise & Gratitude
Rendi Hermawan,3,tolong perbaiki lagi bug tidak bisa buka komen,2026-02-17 10:41:11,Technical Bug/Crash
Sonia Nur avifa,4,kenapa tiktok sekarang fitur shop malah diganti dengan teman ya? apa cuma punya saya doang,2026-02-17 10:40:07,Feature Complaint/Request
AKMAL 0202,5,mantap,2026-02-17 10:39:05,Praise & Gratitude
Salsa Putri,3,"kenapa tidak muncul fitur tiktok shop di beranda, tolong berikan solusi!",2026-02-17 10:37:15,Feature Complaint/Request
Rizkaputri235,4,"bagus, tapi masalah nya jarang fyp dan kalau aku ngerepost atau nge like video lama nanti ada pemberitahuan ""anda mengetuk terlalu cepat, istirahat lah"" buat apa sih ah pemberitahuan itu, gak penting asli",2026-02-17 10:33:45,Feature Complaint/Request
anak bebek,5,baguss banget tapi bikin ngelag,2026-02-17 10:29:28,Performance Issue
Zahro,5,"kak tiktok saya kok selalu telat dapat fitur baru, yang foto live aja masih gk bisa sampe sekarang.",2026-02-17 10:27:24,Feature Complaint/Request
Bruce Pope,5,"aplikasi sarang monyet, pengguna nya kebanyakan bocah² ga jelas yang IQ nya dibawah rata² dikasih vidio edukasi malah komen ""ga peduli""🤓☝️",2026-02-17 10:26:19,Feature Complaint/Request
Arull Ramdani,5,bagus,2026-02-17 10:25:47,Praise & Gratitude
Kaway Putra,1,udah 3 hari App tdk bisa terbuka pencarian terus berputar putar semntara App lain tdk ada Masalah maupun jaringan.TOLONG setelah pembaruan TIKTOK jdi Eror,2026-02-17 10:24:23,General Request/Complaint
Fanya Maulidaa,2,nggak ada toko nya!,2026-02-17 10:20:42,Feature Complaint/Request
almira najuanid salwa,3,"nge bug apa gimana, gabisa di update",2026-02-17 10:18:07,Technical Bug/Crash
Muhamad Solahudin,5,mantap,2026-02-17 10:16:01,Praise & Gratitude
Vido Siku,1,kok tiktok pilih kasih sihh yg lain pada ada koin potongan harga 100 perak tapi akun saya yang bernama vidoo_4 ga ada tolong la kalo ada fitur gitu harus ad semua gitu,2026-02-17 10:15:10,Account Issue
Siska Febiana,5,karena saya lebih mudah untuk berbelanja karena tidak usah lagi men download shopee,2026-02-17 10:14:00,Performance Issue
Alvionita,1,"Baru kali ini bintang 1 ke tiktok, soalnya sejak 2 hari lalu, mau buka komen loading terus. padahal gak dibatasi tapi buka komen selalu lama, akhirnya aku scroll terus tapi sangat menggangu karena user experience jadi kurang. gak tau ini cuma di aku atau gimana tapi setelah ku uninstall tetap sama problemnya. so, tolong diperbaiki, nanti aku ganti bintangnya",2026-02-17 10:13:32,Performance Issue
Rachmat very Irawan,2,INI KENAPA KERANJANG GUA GABISA DIBUKA PDHL SINYAL AMAN WOI,2026-02-17 10:13:25,Feature Complaint/Request
Syatifa Awaliya,1,beranda tiktok saya tidak bisa di scroll,2026-02-17 10:10:17,Feature Complaint/Request
Raudah Ara,5,saya mau kalo baru donlod tik tok gak usah buat akun,2026-02-17 10:10:05,Account Issue
Cintyaaja Weh,5,seru,2026-02-17 10:08:25,Praise & Gratitude
naya auliya,3,"ini knpsih ga bisa buka komen, gbs buka chat, gbs switch account, gbs buka profile. tp scroll bisa, aneh bgt",2026-02-17 10:07:27,Feature Complaint/Request
Aliska Keysa,5,saya sangat senang karena dengan adanya tiktok ini saya bisa buat tren terbaruu,2026-02-17 10:07:20,Praise & Gratitude
Arum Megalestari,1,"ini kenapa sih? udah 5× download tetep aja gabisa, udah pake paket data tetap gabisa, penyimpanan masih banyak, gimana nih? tolong dong makin lama makin ngawur ngabisin paket data aja",2026-02-17 10:06:16,General Request/Complaint
Azka 123,5,banyak sekali orang masuk dan bagus,2026-02-17 10:05:56,Account Issue
Faisal Abret,5,bagus,2026-02-17 10:05:37,Praise & Gratitude
Aura,1,terkadang kalau lagi livestreaming lalu kembali sendiri dan sangat berat apk tiktok nya cepat hp panas dan hp patah patah setelah itu hp nya mati sendiri dan apk nya sangat jelek,2026-02-17 10:05:27,Technical Bug/Crash
mwmwk lobok,1,tolong tiktok ini saya ngescrol tiktoknya kok ga mau ke scrol,2026-02-17 10:05:20,Feature Complaint/Request
Miliani Sandra Dewi,5,bagus,2026-02-17 10:04:43,Praise & Gratitude
Dewa Komang,1,fitur toko tidak muncul,2026-02-17 10:04:19,Feature Complaint/Request
anii caa,1,kasih aja itu ptongan harga 70 perak terus gajelas,2026-02-17 10:04:13,General Request/Complaint
Ratna Anjani,5,bagus,2026-02-17 10:04:09,Praise & Gratitude
Tazkia Nafisah,5,suka banget kalo bosen tinggal scrool tiktok dehh😙,2026-02-17 10:02:24,Praise & Gratitude
Afifah nabil,1,masa gada fitur 100perak si njis,2026-02-17 10:01:34,Feature Complaint/Request
Nandien Yucell,5,aplikasi yang baguss and jenius,2026-02-17 09:58:36,Praise & Gratitude
hafi,1,"tiba tiba kena pelanggaran yang ga jelas,tiktok gaje gaakan nyentuh tiktok lagi,awas lu",2026-02-17 09:57:30,Performance Issue
Grab Hilman,5,bagussssss mantap okkkkkk,2026-02-17 09:56:33,Praise & Gratitude
Shofura Zahida,5,videonya kenapa suka lambat gitu ya taoi soundnya normal. jadi gak nyaman nontonnya,2026-02-17 09:56:10,Praise & Gratitude
